region,branch_id,month,volume,txn_count,prev_month_volume,mom_pct
East,B001,2026-05-01,66690.0,1,,
East,B004,2026-03-01,75022.0,1,,
East,B004,2026-06-01,22747.0,1,75022.0,-69.68
East,B004,2026-08-01,187907.0,1,22747.0,726.07
East,B009,2025-08-01,33905.0,1,,
East,B009,2026-03-01,35026.0,1,33905.0,3.31
East,B012,2025-09-01,192325.0,1,,
East,B016,2025-08-01,66805.0,1,,
East,B016,2025-11-01,320392.0,3,66805.0,379.59
East,B016,2026-04-01,164723.0,1,320392.0,-48.59
East,B021,2025-10-01,156226.0,1,,
East,B021,2026-10-01,70812.0,1,156226.0,-54.67
East,B022,2025-12-01,200300.0,2,,
East,B022,2026-08-01,88500.0,1,200300.0,-55.82
East,B025,2025-11-01,70632.0,1,,
East,B025,2026-05-01,73540.0,1,70632.0,4.12
East,B026,2025-10-01,183550.0,1,,
East,B026,2026-04-01,151329.0,1,183550.0,-17.55
East,B030,2025-07-01,108573.0,1,,
East,B030,2025-08-01,5044.0,1,108573.0,-95.35
East,B030,2026-04-01,174408.0,1,5044.0,3357.73
East,B030,2026-06-01,103390.0,1,174408.0,-40.72
East,B030,2026-07-01,53468.0,1,103390.0,-48.29
East,B030,2026-08-01,65265.0,1,53468.0,22.06
East,B033,2025-10-01,4115.0,1,,
East,B033,2026-09-01,87084.0,1,4115.0,2016.26
East,B035,2025-08-01,42075.0,1,,
East,B040,2025-11-01,163801.0,1,,
East,B040,2025-12-01,113635.0,2,163801.0,-30.63
East,B040,2026-07-01,14251.0,1,113635.0,-87.46
East,B041,2025-09-01,124629.0,1,,
East,B041,2025-11-01,6544.0,1,124629.0,-94.75
East,B041,2025-12-01,178429.0,1,6544.0,2626.6
East,B041,2026-05-01,86623.0,1,178429.0,-51.45
East,B041,2026-09-01,50117.0,2,86623.0,-42.14
East,B041,2026-10-01,22665.0,1,50117.0,-54.78
East,B042,2026-04-01,111562.0,1,,
East,B045,2025-08-01,79693.0,1,,
East,B045,2026-09-01,341787.0,2,79693.0,328.88
East,B045,2026-10-01,108400.0,1,341787.0,-68.28
East,B046,2025-10-01,131004.0,1,,
East,B046,2025-12-01,123305.0,1,131004.0,-5.88
East,B046,2026-05-01,182412.0,1,123305.0,47.94
East,B046,2026-09-01,41138.0,1,182412.0,-77.45
East,B047,2025-09-01,29639.0,1,,
East,B050,2025-12-01,81797.0,1,,
East,B050,2026-05-01,313723.0,2,81797.0,283.54
East,B050,2026-07-01,173360.0,1,313723.0,-44.74
East,B050,2026-09-01,19202.0,1,173360.0,-88.92
East,B050,2026-10-01,158771.0,1,19202.0,726.85
East,B056,2026-03-01,6228.0,1,,
East,B056,2026-08-01,172726.0,1,6228.0,2673.38
East,B057,2026-10-01,147560.0,1,,
East,B070,2025-12-01,7036.0,1,,
East,B070,2026-02-01,106699.0,2,7036.0,1416.47
East,B070,2026-03-01,146904.0,1,106699.0,37.68
East,B070,2026-08-01,79528.0,1,146904.0,-45.86
East,B070,2026-10-01,218240.0,2,79528.0,174.42
East,B072,2026-06-01,13606.0,1,,
East,B074,2026-03-01,152054.0,1,,
East,B074,2026-09-01,124731.0,1,152054.0,-17.97
East,B076,2026-01-01,37293.0,1,,
East,B183,2026-04-01,145913.0,1,,
East,B183,2026-06-01,38664.0,1,145913.0,-73.5
East,B183,2026-08-01,34983.0,1,38664.0,-9.52
East,B287,2025-08-01,191836.0,1,,
East,B287,2026-01-01,12511.0,1,191836.0,-93.48
East,B287,2026-05-01,97910.0,1,12511.0,682.59
East,B287,2026-06-01,295734.0,2,97910.0,202.05
East,B287,2026-09-01,228259.0,2,295734.0,-22.82
East,B390,2026-02-01,129044.0,1,,
East,B390,2026-03-01,72317.0,1,129044.0,-43.96
East,B392,2025-10-01,130234.0,1,,
East,B392,2026-01-01,69129.0,1,130234.0,-46.92
East,B392,2026-02-01,56459.0,1,69129.0,-18.33
East,B392,2026-09-01,342404.0,2,56459.0,506.46
East,B494,2026-01-01,42416.0,1,,
East,B598,2025-08-01,128498.0,1,,
East,B598,2026-09-01,22371.0,1,128498.0,-82.59
East,B598,2026-10-01,52384.0,1,22371.0,134.16
East,B601,2025-08-01,172432.0,1,,
East,B601,2025-10-01,8309.0,1,172432.0,-95.18
East,B601,2026-04-01,13475.0,1,8309.0,62.17
East,B601,2026-10-01,57274.0,1,13475.0,325.04
North,B005,2026-09-01,59541.0,1,,
North,B007,2025-09-01,23944.0,1,,
North,B007,2025-12-01,136440.0,1,23944.0,469.83
North,B007,2026-04-01,133222.0,1,136440.0,-2.36
North,B008,2025-09-01,114762.0,1,,
North,B008,2026-08-01,2498.0,1,114762.0,-97.82
North,B011,2025-07-01,100736.0,1,,
North,B011,2026-02-01,149078.0,1,100736.0,47.99
North,B011,2026-04-01,174201.0,1,149078.0,16.85
North,B011,2026-07-01,39744.0,1,174201.0,-77.18
North,B011,2026-09-01,66051.0,1,39744.0,66.19
North,B017,2025-08-01,77708.0,1,,
North,B017,2026-05-01,89021.0,1,77708.0,14.56
North,B023,2025-07-01,97348.0,1,,
North,B023,2026-02-01,149193.0,1,97348.0,53.26
North,B023,2026-03-01,175054.0,1,149193.0,17.33
North,B023,2026-10-01,36691.0,1,175054.0,-79.04
North,B029,2026-02-01,338943.0,2,,
North,B029,2026-08-01,35865.0,1,338943.0,-89.42
North,B038,2025-11-01,194354.0,1,,
North,B038,2026-06-01,35955.0,1,194354.0,-81.5
North,B043,2026-03-01,108378.0,1,,
North,B048,2025-12-01,156288.0,1,,
North,B048,2026-09-01,63608.0,1,156288.0,-59.3
North,B049,2026-03-01,77082.0,1,,
North,B049,2026-08-01,65496.0,1,77082.0,-15.03
North,B049,2026-09-01,100442.0,1,65496.0,53.36
North,B052,2025-07-01,42955.0,1,,
North,B052,2026-01-01,104243.0,1,42955.0,142.68
North,B052,2026-08-01,83466.0,1,104243.0,-19.93
North,B052,2026-10-01,165239.0,1,83466.0,97.97
North,B053,2025-08-01,7157.0,1,,
North,B053,2025-12-01,211881.0,2,7157.0,2860.47
North,B053,2026-04-01,106708.0,1,211881.0,-49.64
North,B053,2026-09-01,43435.0,1,106708.0,-59.3
North,B054,2025-07-01,112137.0,2,,
North,B054,2026-09-01,69671.0,1,112137.0,-37.87
North,B060,2026-01-01,149785.0,1,,
North,B060,2026-05-01,85172.0,1,149785.0,-43.14
North,B060,2026-09-01,182489.0,1,85172.0,114.26
North,B064,2026-03-01,178526.0,1,,
North,B064,2026-08-01,35339.0,1,178526.0,-80.21
North,B064,2026-09-01,168183.0,1,35339.0,375.91
North,B066,2026-03-01,172152.0,1,,
North,B066,2026-04-01,175371.0,1,172152.0,1.87
North,B067,2026-09-01,25562.0,1,,
North,B067,2026-10-01,6798.0,1,25562.0,-73.41
North,B068,2026-09-01,155342.0,1,,
North,B071,2025-07-01,194965.0,1,,
North,B071,2025-08-01,98116.0,1,194965.0,-49.68
North,B071,2026-01-01,44343.0,1,98116.0,-54.81
North,B078,2025-10-01,98109.0,1,,
North,B078,2026-07-01,46112.0,1,98109.0,-53.0
North,B078,2026-10-01,61164.0,1,46112.0,32.64
North,B182,2026-04-01,70669.0,1,,
North,B182,2026-06-01,127199.0,1,70669.0,79.99
North,B182,2026-10-01,78513.0,1,127199.0,-38.28
North,B184,2025-11-01,39546.0,1,,
North,B184,2026-01-01,26977.0,1,39546.0,-31.78
North,B184,2026-09-01,57045.0,1,26977.0,111.46
North,B286,2026-01-01,100503.0,1,,
North,B286,2026-08-01,44290.0,1,100503.0,-55.93
North,B288,2026-05-01,72265.0,1,,
North,B288,2026-09-01,183185.0,1,72265.0,153.49
North,B288,2026-10-01,157656.0,1,183185.0,-13.94
North,B495,2025-09-01,158036.0,1,,
North,B495,2025-10-01,145063.0,1,158036.0,-8.21
North,B495,2026-04-01,61424.0,1,145063.0,-57.66
North,B495,2026-06-01,80585.0,1,61424.0,31.19
North,B495,2026-07-01,143532.0,1,80585.0,78.11
South,B003,2025-12-01,26539.0,1,,
South,B003,2026-06-01,176555.0,1,26539.0,565.27
South,B010,2025-08-01,118928.0,1,,
South,B010,2026-03-01,93273.0,1,118928.0,-21.57
South,B010,2026-07-01,143783.0,1,93273.0,54.15
South,B010,2026-09-01,61624.0,1,143783.0,-57.14
South,B018,2026-02-01,125918.0,1,,
South,B018,2026-04-01,84867.0,1,125918.0,-32.6
South,B018,2026-08-01,155978.0,2,84867.0,83.79
South,B018,2026-09-01,295422.0,2,155978.0,89.4
South,B018,2026-10-01,157470.0,1,295422.0,-46.7
South,B019,2025-07-01,164421.0,1,,
South,B019,2026-08-01,183222.0,1,164421.0,11.43
South,B019,2026-09-01,21428.0,1,183222.0,-88.3
South,B027,2026-02-01,169675.0,1,,
South,B027,2026-10-01,116056.0,1,169675.0,-31.6
South,B028,2025-08-01,71587.0,2,,
South,B028,2025-12-01,61679.0,1,71587.0,-13.84
South,B028,2026-09-01,364775.0,3,61679.0,491.41
South,B031,2026-02-01,88873.0,1,,
South,B031,2026-09-01,153737.0,1,88873.0,72.99
South,B032,2025-09-01,30022.0,1,,
South,B036,2025-09-01,123658.0,1,,
South,B036,2025-11-01,173169.0,1,123658.0,40.04
South,B036,2026-02-01,7993.0,1,173169.0,-95.38
South,B036,2026-05-01,85581.0,1,7993.0,970.7
South,B036,2026-07-01,110418.0,1,85581.0,29.02
South,B037,2026-01-01,174118.0,1,,
South,B039,2025-12-01,79707.0,1,,
South,B039,2026-03-01,116977.0,1,79707.0,46.76
South,B039,2026-07-01,169098.0,1,116977.0,44.56
South,B039,2026-09-01,141022.0,1,169098.0,-16.6
South,B055,2026-08-01,125759.0,1,,
South,B058,2025-12-01,11492.0,1,,
South,B058,2026-05-01,115329.0,1,11492.0,903.56
South,B058,2026-09-01,81250.0,1,115329.0,-29.55
South,B062,2026-04-01,102866.0,1,,
South,B062,2026-05-01,19860.0,1,102866.0,-80.69
South,B063,2026-01-01,11360.0,1,,
South,B063,2026-05-01,20951.0,1,11360.0,84.43
South,B069,2025-09-01,24688.0,1,,
South,B069,2026-01-01,191951.0,1,24688.0,677.51
South,B069,2026-02-01,168492.0,1,191951.0,-12.22
South,B069,2026-10-01,112060.0,1,168492.0,-33.49
South,B075,2025-08-01,52347.0,1,,
South,B077,2025-07-01,143251.0,1,,
South,B077,2026-01-01,225509.0,2,143251.0,57.42
South,B077,2026-09-01,113285.0,1,225509.0,-49.76
South,B391,2026-09-01,51474.0,1,,
South,B497,2025-10-01,57257.0,1,,
South,B497,2025-11-01,94809.0,1,57257.0,65.58
South,B497,2026-06-01,191984.0,1,94809.0,102.5
South,B600,2026-02-01,15266.0,1,,
South,B600,2026-08-01,35173.0,1,15266.0,130.4
South,B600,2026-10-01,192183.0,1,35173.0,446.39
West,B006,2026-06-01,51513.0,1,,
West,B013,2025-09-01,91578.0,1,,
West,B014,2026-05-01,74662.0,1,,
West,B020,2025-11-01,94965.0,1,,
West,B020,2026-01-01,95912.0,1,94965.0,1.0
West,B020,2026-05-01,71523.0,1,95912.0,-25.43
West,B024,2025-10-01,86735.0,1,,
West,B024,2025-12-01,80689.0,1,86735.0,-6.97
West,B024,2026-02-01,168559.0,1,80689.0,108.9
West,B044,2025-07-01,153261.0,1,,
West,B044,2026-01-01,125889.0,1,153261.0,-17.86
West,B059,2026-09-01,22780.0,1,,
West,B065,2026-01-01,135107.0,1,,
West,B065,2026-10-01,135909.0,2,135107.0,0.59
West,B073,2025-07-01,188100.0,1,,
West,B073,2026-02-01,207047.0,2,188100.0,10.07
West,B181,2025-07-01,22792.0,1,,
West,B289,2025-07-01,145782.0,1,,
West,B289,2025-12-01,133657.0,1,145782.0,-8.32
West,B289,2026-05-01,113970.0,1,133657.0,-14.73
West,B393,2025-07-01,72887.0,1,,
West,B393,2026-08-01,115423.0,1,72887.0,58.36
West,B496,2025-08-01,12293.0,1,,
West,B496,2025-09-01,6448.0,1,12293.0,-47.55
West,B496,2026-04-01,151555.0,1,6448.0,2250.42
West,B599,2025-10-01,170869.0,1,,
West,B599,2026-01-01,23275.0,1,170869.0,-86.38
West,B599,2026-09-01,88345.0,1,23275.0,279.57
West,B599,2026-10-01,23244.0,1,88345.0,-73.69
