category,product_id,month,revenue,category_share_pct,total_share_pct,prev_period_revenue,pop_pct
Corporate,P022,2025-07-01,194965.0,46.3,12.84,,
Corporate,P094,2025-07-01,153261.0,36.39,10.1,,
Corporate,P402,2025-07-01,72887.0,17.31,4.8,,
Retail,P015,2025-07-01,243242.0,40.96,16.03,,
Retail,P011,2025-07-01,164421.0,27.69,10.83,,
Retail,P010,2025-07-01,143251.0,24.12,9.44,,
Retail,P053,2025-07-01,42955.0,7.23,2.83,,
SME,P068,2025-07-01,188100.0,37.41,12.39,,
SME,P023,2025-07-01,108573.0,21.59,7.15,,
SME,P001,2025-07-01,100736.0,20.03,6.64,,
SME,P039,2025-07-01,97348.0,19.36,6.41,,
SME,P036,2025-07-01,22792.0,4.53,1.5,,
SME,P712,2025-07-01,-14677.0,-2.92,-0.97,,
Corporate,P004,2025-08-01,172432.0,53.6,19.25,,
Corporate,P031,2025-08-01,77708.0,24.15,8.67,,
Corporate,P065,2025-08-01,69540.0,21.61,7.76,,
Corporate,P077,2025-08-01,2047.0,0.64,0.23,,
Retail,P611,2025-08-01,49232.0,-137.55,5.49,,
Retail,P038,2025-08-01,33905.0,-94.73,3.78,,
Retail,P056,2025-08-01,-118928.0,332.28,-13.27,,
SME,P712,2025-08-01,191836.0,31.45,21.41,-14677.0,-1407.05
SME,P023,2025-08-01,128498.0,21.06,14.34,108573.0,18.35
SME,P069,2025-08-01,98116.0,16.08,10.95,,
SME,P020,2025-08-01,79693.0,13.06,8.89,,
SME,P080,2025-08-01,66805.0,10.95,7.46,,
SME,P026,2025-08-01,52347.0,8.58,5.84,,
SME,P713,2025-08-01,5044.0,0.83,0.56,,
SME,P040,2025-08-01,-12293.0,-2.02,-1.37,,
Corporate,P091,2025-09-01,192325.0,83.79,31.16,,
Corporate,P077,2025-09-01,158036.0,68.85,25.6,2047.0,7620.37
Corporate,P060,2025-09-01,23944.0,10.43,3.88,,
Corporate,P034,2025-09-01,-30022.0,-13.08,-4.86,,
Corporate,P075,2025-09-01,-114762.0,-50.0,-18.59,,
Retail,P070,2025-09-01,124629.0,37.38,20.19,,
Retail,P086,2025-09-01,123658.0,37.09,20.03,,
Retail,P083,2025-09-01,91578.0,27.47,14.84,,
Retail,P048,2025-09-01,-6448.0,-1.93,-1.04,,
SME,P093,2025-09-01,29639.0,54.56,4.8,,
SME,P039,2025-09-01,24688.0,45.44,4.0,97348.0,-74.64
Corporate,P022,2025-10-01,130234.0,71.38,14.78,194965.0,-33.2
Corporate,P074,2025-10-01,98109.0,53.78,11.13,,
Corporate,P037,2025-10-01,86735.0,47.54,9.84,,
Corporate,P046,2025-10-01,8309.0,4.55,0.94,,
Corporate,P032,2025-10-01,4115.0,2.26,0.47,,
Corporate,P082,2025-10-01,-145063.0,-79.51,-16.46,,
Retail,P003,2025-10-01,183550.0,35.94,20.83,,
Retail,P038,2025-10-01,170869.0,33.46,19.39,33905.0,403.96
Retail,P056,2025-10-01,156226.0,30.59,17.73,-118928.0,-231.36
SME,P047,2025-10-01,131004.0,69.59,14.86,,
SME,P024,2025-10-01,57257.0,30.41,6.5,,
Corporate,P505,2025-11-01,194354.0,53.99,16.78,,
Corporate,P091,2025-11-01,94965.0,26.38,8.2,192325.0,-50.62
Corporate,P087,2025-11-01,70632.0,19.62,6.1,,
Retail,P610,2025-11-01,134090.0,49.95,11.58,,
Retail,P049,2025-11-01,94809.0,35.32,8.19,,
Retail,P057,2025-11-01,39546.0,14.73,3.41,,
SME,P039,2025-11-01,199263.0,37.61,17.2,24688.0,707.12
SME,P080,2025-11-01,173169.0,32.68,14.95,66805.0,159.22
SME,P712,2025-11-01,150840.0,28.47,13.02,191836.0,-21.37
SME,P079,2025-11-01,6544.0,1.24,0.57,,
Corporate,P034,2025-12-01,156288.0,39.78,12.15,-30022.0,-620.58
Corporate,P087,2025-12-01,123305.0,31.39,9.59,70632.0,74.57
Corporate,P004,2025-12-01,79707.0,20.29,6.2,172432.0,-53.77
Corporate,P013,2025-12-01,26539.0,6.76,2.06,,
Corporate,P095,2025-12-01,7036.0,1.79,0.55,,
Retail,P056,2025-12-01,91860.0,43.84,7.14,156226.0,-41.2
Retail,P006,2025-12-01,91615.0,43.73,7.12,,
Retail,P049,2025-12-01,81797.0,39.04,6.36,94809.0,-13.72
Retail,P506,2025-12-01,80689.0,38.51,6.27,,
Retail,P611,2025-12-01,-136440.0,-65.12,-10.61,49232.0,-377.14
SME,P042,2025-12-01,178429.0,26.1,13.88,,
SME,P040,2025-12-01,167696.0,24.53,13.04,-12293.0,-1464.16
SME,P036,2025-12-01,133657.0,19.55,10.39,22792.0,486.42
SME,P072,2025-12-01,108440.0,15.86,8.43,,
SME,P081,2025-12-01,61679.0,9.02,4.8,,
SME,P058,2025-12-01,44185.0,6.46,3.44,,
SME,P064,2025-12-01,11492.0,1.68,0.89,,
SME,P093,2025-12-01,-22020.0,-3.22,-1.71,29639.0,-174.29
Corporate,P032,2026-01-01,190923.0,32.59,17.95,4115.0,4539.68
Corporate,P087,2026-01-01,185478.0,31.66,17.44,123305.0,50.42
Corporate,P095,2026-01-01,135107.0,23.06,12.7,7036.0,1820.22
Corporate,P051,2026-01-01,104243.0,17.8,9.8,,
Corporate,P503,2026-01-01,95912.0,16.37,9.02,,
Corporate,P505,2026-01-01,-125889.0,-21.49,-11.84,194354.0,-164.77
Retail,P048,2026-01-01,236294.0,85.83,22.22,-6448.0,-3764.61
Retail,P035,2026-01-01,69129.0,25.11,6.5,,
Retail,P029,2026-01-01,34586.0,12.56,3.25,,
Retail,P090,2026-01-01,23275.0,8.45,2.19,,
Retail,P086,2026-01-01,12511.0,4.54,1.18,123658.0,-89.88
Retail,P073,2026-01-01,-100503.0,-36.51,-9.45,,
SME,P001,2026-01-01,149785.0,73.96,14.08,100736.0,48.69
SME,P080,2026-01-01,42416.0,20.94,3.99,173169.0,-75.51
SME,P079,2026-01-01,37293.0,18.41,3.51,6544.0,469.88
SME,P024,2026-01-01,-26977.0,-13.32,-2.54,57257.0,-147.12
Corporate,P402,2026-02-01,191076.0,24.75,14.01,72887.0,162.15
Corporate,P041,2026-02-01,168559.0,21.84,12.36,,
Corporate,P030,2026-02-01,168492.0,21.83,12.35,,
Corporate,P037,2026-02-01,149078.0,19.31,10.93,86735.0,71.88
Corporate,P505,2026-02-01,141889.0,18.38,10.4,-125889.0,-212.71
Corporate,P034,2026-02-01,41711.0,5.4,3.06,156288.0,-73.31
Corporate,P025,2026-02-01,-88873.0,-11.51,-6.51,,
Retail,P006,2026-02-01,183613.0,179.69,13.46,91615.0,100.42
Retail,P003,2026-02-01,64988.0,63.6,4.76,183550.0,-64.59
Retail,P048,2026-02-01,23259.0,22.76,1.71,236294.0,-90.16
Retail,P506,2026-02-01,-169675.0,-166.05,-12.44,80689.0,-310.28
SME,P058,2026-02-01,205652.0,41.97,15.08,44185.0,365.43
SME,P027,2026-02-01,155330.0,31.7,11.39,,
SME,P036,2026-02-01,129044.0,26.33,9.46,133657.0,-3.45
Corporate,P087,2026-03-01,175054.0,35.56,18.27,185478.0,-5.62
Corporate,P022,2026-03-01,146904.0,29.84,15.33,130234.0,12.8
Corporate,P004,2026-03-01,93273.0,18.95,9.73,79707.0,17.02
Corporate,P094,2026-03-01,77082.0,15.66,8.04,153261.0,-49.71
Retail,P005,2026-03-01,178526.0,89.11,18.63,,
Retail,P084,2026-03-01,172152.0,85.93,17.96,,
Retail,P057,2026-03-01,75022.0,37.45,7.83,39546.0,89.71
Retail,P050,2026-03-01,-108378.0,-54.1,-11.31,,
Retail,P048,2026-03-01,-116977.0,-58.39,-12.21,23259.0,-602.93
SME,P081,2026-03-01,152054.0,57.24,15.87,61679.0,146.52
SME,P069,2026-03-01,72317.0,27.23,7.55,98116.0,-26.29
SME,P016,2026-03-01,35026.0,13.19,3.66,,
SME,P023,2026-03-01,6228.0,2.34,0.65,128498.0,-95.15
Corporate,P021,2026-04-01,174408.0,33.45,14.66,,
Corporate,P402,2026-04-01,151329.0,29.02,12.72,191076.0,-20.8
Corporate,P067,2026-04-01,111562.0,21.39,9.38,,
Corporate,P043,2026-04-01,70669.0,13.55,5.94,,
Corporate,P095,2026-04-01,13475.0,2.58,1.13,135107.0,-90.03
Retail,P007,2026-04-01,145913.0,36.58,12.26,,
Retail,P084,2026-04-01,106708.0,26.75,8.97,172152.0,-38.02
Retail,P056,2026-04-01,84867.0,21.27,7.13,91860.0,-7.61
Retail,P086,2026-04-01,61424.0,15.4,5.16,12511.0,390.96
SME,P036,2026-04-01,308593.0,114.56,25.94,129044.0,139.14
SME,P001,2026-04-01,174201.0,64.67,14.64,149785.0,16.3
SME,P047,2026-04-01,102866.0,38.19,8.65,131004.0,-21.48
SME,P027,2026-04-01,-151555.0,-56.26,-12.74,155330.0,-197.57
SME,P064,2026-04-01,-164723.0,-61.15,-13.85,11492.0,-1533.37
Corporate,P004,2026-05-01,176329.0,31.48,12.61,93273.0,89.05
Corporate,P046,2026-05-01,137394.0,24.53,9.83,8309.0,1553.56
Corporate,P091,2026-05-01,85172.0,15.21,6.09,94965.0,-10.31
Corporate,P031,2026-05-01,73540.0,13.13,5.26,77708.0,-5.36
Corporate,P065,2026-05-01,66690.0,11.91,4.77,69540.0,-4.1
Corporate,P041,2026-05-01,20951.0,3.74,1.5,168559.0,-87.57
Retail,P018,2026-05-01,182412.0,53.56,13.05,,
Retail,P070,2026-05-01,86623.0,25.44,6.2,124629.0,-30.5
Retail,P084,2026-05-01,71523.0,21.0,5.12,106708.0,-32.97
SME,P016,2026-05-01,115329.0,23.18,8.25,35026.0,229.27
SME,P081,2026-05-01,113970.0,22.91,8.15,152054.0,-25.05
SME,P713,2026-05-01,97910.0,19.68,7.0,5044.0,1841.12
SME,P045,2026-05-01,89021.0,17.9,6.37,,
SME,P026,2026-05-01,74662.0,15.01,5.34,52347.0,42.63
SME,P039,2026-05-01,72265.0,14.53,5.17,199263.0,-63.73
SME,P064,2026-05-01,19860.0,3.99,1.42,-164723.0,-112.06
SME,P093,2026-05-01,-85581.0,-17.2,-6.12,-22020.0,288.65
Corporate,P075,2026-06-01,189113.0,44.54,16.62,-114762.0,-264.79
Corporate,P037,2026-06-01,103390.0,24.35,9.09,149078.0,-30.65
Corporate,P067,2026-06-01,80585.0,18.98,7.08,111562.0,-27.77
Corporate,P013,2026-06-01,51513.0,12.13,4.53,26539.0,94.1
Retail,P061,2026-06-01,106621.0,52.27,9.37,,
Retail,P049,2026-06-01,38664.0,18.95,3.4,81797.0,-52.73
Retail,P083,2026-06-01,35955.0,17.63,3.16,91578.0,-60.74
Retail,P073,2026-06-01,22747.0,11.15,2.0,-100503.0,-122.63
SME,P058,2026-06-01,191984.0,37.69,16.87,205652.0,-6.65
SME,P020,2026-06-01,176555.0,34.66,15.52,79693.0,121.54
SME,P024,2026-06-01,127199.0,24.97,11.18,-26977.0,-571.51
SME,P072,2026-06-01,13606.0,2.67,1.2,108440.0,-87.45
Corporate,P503,2026-07-01,143532.0,70.4,18.24,95912.0,49.65
Corporate,P032,2026-07-01,46112.0,22.62,5.86,190923.0,-75.85
Corporate,P034,2026-07-01,14251.0,6.99,1.81,41711.0,-65.83
Retail,P061,2026-07-01,208842.0,50.99,26.54,106621.0,95.87
Retail,P073,2026-07-01,143783.0,35.11,18.27,22747.0,532.1
Retail,P050,2026-07-01,110418.0,26.96,14.03,-108378.0,-201.88
Retail,P506,2026-07-01,-53468.0,-13.05,-6.8,-169675.0,-68.49
SME,P058,2026-07-01,173360.0,100.0,22.03,191984.0,-9.7
Corporate,P087,2026-08-01,183222.0,43.14,13.63,175054.0,4.67
Corporate,P402,2026-08-01,172726.0,40.67,12.85,151329.0,14.14
Corporate,P609,2026-08-01,65265.0,15.37,4.85,,
Corporate,P505,2026-08-01,44290.0,10.43,3.29,141889.0,-68.79
Corporate,P013,2026-08-01,35173.0,8.28,2.62,51513.0,-31.72
Corporate,P060,2026-08-01,7484.0,1.76,0.56,23944.0,-68.74
Corporate,P091,2026-08-01,-83466.0,-19.65,-6.21,85172.0,-198.0
Retail,P086,2026-08-01,187907.0,72.52,13.98,61424.0,205.92
Retail,P057,2026-08-01,35865.0,13.84,2.67,75022.0,-52.19
Retail,P011,2026-08-01,35339.0,13.64,2.63,164421.0,-78.51
SME,P713,2026-08-01,148494.0,22.48,11.04,97910.0,51.66
SME,P064,2026-08-01,125759.0,19.03,9.35,19860.0,533.23
SME,P072,2026-08-01,115423.0,17.47,8.58,13606.0,748.32
SME,P058,2026-08-01,88500.0,13.4,6.58,173360.0,-48.95
SME,P026,2026-08-01,79528.0,12.04,5.92,74662.0,6.52
SME,P068,2026-08-01,65496.0,9.91,4.87,188100.0,-65.18
SME,P016,2026-08-01,37481.0,5.67,2.79,115329.0,-67.5
Corporate,P504,2026-09-01,572080.0,31.06,16.12,,
Corporate,P609,2026-09-01,349725.0,18.99,9.85,65265.0,435.85
Corporate,P094,2026-09-01,246793.0,13.4,6.95,77082.0,220.17
Corporate,P037,2026-09-01,223408.0,12.13,6.29,103390.0,116.08
Corporate,P051,2026-09-01,168183.0,9.13,4.74,104243.0,61.34
Corporate,P022,2026-09-01,124296.0,6.75,3.5,146904.0,-15.39
Corporate,P004,2026-09-01,113285.0,6.15,3.19,176329.0,-35.75
Corporate,P075,2026-09-01,51474.0,2.79,1.45,189113.0,-72.78
Corporate,P009,2026-09-01,47830.0,2.6,1.35,,
Corporate,P021,2026-09-01,22780.0,1.24,0.64,174408.0,-86.94
Corporate,P031,2026-09-01,22371.0,1.21,0.63,73540.0,-69.58
Corporate,P503,2026-09-01,-43435.0,-2.36,-1.22,143532.0,-130.26
Corporate,P008,2026-09-01,-57045.0,-3.1,-1.61,,
Retail,P070,2026-09-01,176362.0,25.06,4.97,86623.0,103.6
Retail,P029,2026-09-01,171126.0,24.31,4.82,34586.0,394.78
Retail,P084,2026-09-01,87084.0,12.37,2.45,71523.0,21.76
Retail,P507,2026-09-01,81250.0,11.54,2.29,,
Retail,P018,2026-09-01,66051.0,9.38,1.86,182412.0,-63.79
Retail,P011,2026-09-01,61624.0,8.76,1.74,35339.0,74.38
Retail,P086,2026-09-01,41138.0,5.84,1.16,187907.0,-78.11
Retail,P073,2026-09-01,19202.0,2.73,0.54,143783.0,-86.65
SME,P042,2026-09-01,321014.0,31.99,9.04,178429.0,79.91
SME,P039,2026-09-01,189925.0,18.92,5.35,72265.0,162.82
SME,P047,2026-09-01,172060.0,17.14,4.85,102866.0,67.27
SME,P001,2026-09-01,124731.0,12.43,3.51,174201.0,-28.4
SME,P055,2026-09-01,100442.0,10.01,2.83,,
SME,P079,2026-09-01,88345.0,8.8,2.49,37293.0,136.89
SME,P093,2026-09-01,25562.0,2.55,0.72,-85581.0,-129.87
SME,P014,2026-09-01,19834.0,1.98,0.56,,
SME,P024,2026-09-01,-38334.0,-3.82,-1.08,127199.0,-130.14
Corporate,P091,2026-10-01,158771.0,30.89,7.64,-83466.0,-290.22
Corporate,P505,2026-10-01,157656.0,30.67,7.58,44290.0,255.96
Corporate,P065,2026-10-01,106646.0,20.75,5.13,66690.0,59.91
Corporate,P009,2026-10-01,54270.0,10.56,2.61,47830.0,13.46
Corporate,P074,2026-10-01,36691.0,7.14,1.76,98109.0,-62.6
Retail,P078,2026-10-01,192183.0,21.75,9.24,,
Retail,P057,2026-10-01,147560.0,16.7,7.1,35865.0,311.43
Retail,P090,2026-10-01,139677.0,15.81,6.72,23275.0,500.12
Retail,P507,2026-10-01,116056.0,13.14,5.58,81250.0,42.84
Retail,P084,2026-10-01,112060.0,12.68,5.39,87084.0,28.68
Retail,P086,2026-10-01,70812.0,8.02,3.41,41138.0,72.13
Retail,P611,2026-10-01,52384.0,5.93,2.52,-136440.0,-138.39
Retail,P017,2026-10-01,23244.0,2.63,1.12,,
Retail,P028,2026-10-01,22665.0,2.57,1.09,,
Retail,P007,2026-10-01,6798.0,0.77,0.33,145913.0,-95.34
SME,P036,2026-10-01,194502.0,28.54,9.36,308593.0,-36.97
SME,P001,2026-10-01,163970.0,24.06,7.89,124731.0,31.46
SME,P069,2026-10-01,157470.0,23.1,7.57,72317.0,117.75
SME,P044,2026-10-01,108400.0,15.9,5.21,,
SME,P093,2026-10-01,57274.0,8.4,2.75,25562.0,124.06
