customer_id,account_id,recency_days,frequency,monetary,rfm_score,segment
C018,A0018,6,5,558063.0,9,Platinum
C4718,A4718,5,3,552422.0,9,Platinum
C060,A0060,6,3,387593.0,9,Platinum
C7249,A7249,10,3,381809.0,9,Platinum
C013,A0013,5,4,326398.0,9,Platinum
C039,A0039,6,4,310339.0,9,Platinum
C047,A0047,5,3,293584.0,9,Platinum
C069,A0069,5,3,272346.0,9,Platinum
C068,A0068,5,3,264281.0,9,Platinum
C053,A0053,6,3,254905.0,9,Platinum
C157,A0157,5,3,190165.0,9,Platinum
C125,A0125,6,3,184144.0,9,Platinum
C054,A0054,33,3,421561.0,8,Platinum
C009,A0009,6,2,360134.0,8,Platinum
C049,A0049,18,2,359023.0,8,Platinum
C6240,A6240,6,2,297470.0,8,Platinum
C090,A0090,6,2,293290.0,8,Platinum
C070,A0070,6,2,293076.0,8,Platinum
C2197,A2197,146,3,277499.0,8,Platinum
C014,A0014,6,2,277454.0,8,Platinum
C5228,A5228,13,2,245174.0,8,Platinum
C078,A0078,6,2,226624.0,8,Platinum
C021,A0021,6,2,209748.0,8,Platinum
C067,A0067,5,2,194668.0,8,Platinum
C6238,A6238,6,2,193320.0,8,Platinum
C6236,A6236,6,2,190703.0,8,Platinum
C102,A0102,6,3,103517.0,8,Platinum
C152,A0152,218,3,434678.0,7,Gold
C058,A0058,222,3,321503.0,7,Gold
C057,A0057,39,2,244901.0,7,Gold
C135,A0135,60,2,227849.0,7,Gold
C121,A0121,66,2,196391.0,7,Gold
C5222,A5222,135,2,190405.0,7,Gold
C124,A0124,110,2,189935.0,7,Gold
C020,A0020,5,2,152114.0,7,Gold
C2190,A2190,6,2,145579.0,7,Gold
C2200,A2200,5,2,118103.0,7,Gold
C004,A0004,98,4,108387.0,7,Gold
C008,A0008,149,3,108173.0,7,Gold
C059,A0059,5,5,28671.0,7,Gold
C035,A0035,228,2,348034.0,6,Gold
C165,A0165,229,2,284374.0,6,Gold
C093,A0093,209,2,277908.0,6,Gold
C042,A0042,300,2,264728.0,6,Gold
C129,A0129,435,2,237920.0,6,Gold
C033,A0033,233,2,228785.0,6,Gold
C1178,A1178,297,2,216489.0,6,Gold
C2193,A2193,220,2,199078.0,6,Gold
C030,A0030,430,2,188266.0,6,Gold
C048,A0048,42,1,187907.0,6,Gold
C127,A0127,123,1,176555.0,6,Gold
C7247,A7247,185,1,175371.0,6,Gold
C148,A0148,172,1,174408.0,6,Gold
C062,A0062,41,1,172726.0,6,Gold
C001,A0001,196,1,172152.0,6,Gold
C050,A0050,24,1,170344.0,6,Gold
C155,A0155,63,2,169508.0,6,Gold
C140,A0140,5,1,165239.0,6,Gold
C1177,A1177,5,1,163970.0,6,Gold
C144,A0144,87,2,160082.0,6,Gold
C5229,A5229,74,2,160033.0,6,Gold
C1179,A1179,5,1,158771.0,6,Gold
C147,A0147,196,2,158684.0,6,Gold
C126,A0126,5,1,157656.0,6,Gold
C017,A0017,5,1,157470.0,6,Gold
C1171,A1171,134,2,151977.0,6,Gold
C073,A0073,5,1,147560.0,6,Gold
C156,A0156,162,2,119219.0,6,Gold
C007,A0007,143,2,113133.0,6,Gold
C115,A0115,5,1,112060.0,6,Gold
C108,A0108,137,2,106851.0,6,Gold
C3203,A3203,5,1,106646.0,6,Gold
C110,A0110,6,1,100442.0,6,Gold
C002,A0002,6,1,88345.0,6,Gold
C027,A0027,185,2,84216.0,6,Gold
C082,A0082,6,2,32920.0,6,Gold
C1173,A1173,14,2,-127207.0,6,Gold
C101,A0101,318,1,194354.0,5,Silver
C109,A0109,388,1,192325.0,5,Silver
C132,A0132,401,1,191836.0,5,Silver
C015,A0015,276,1,190923.0,5,Silver
C6234,A6234,441,1,188100.0,5,Silver
C012,A0012,317,1,173169.0,5,Silver
C079,A0079,48,1,148494.0,5,Silver
C1182,A1182,162,1,145913.0,5,Silver
C117,A0117,90,1,143783.0,5,Silver
C040,A0040,91,1,143532.0,5,Silver
C164,A0164,264,2,137987.0,5,Silver
C2199,A2199,110,1,127199.0,5,Silver
C077,A0077,148,1,115329.0,5,Silver
C065,A0065,97,1,110418.0,5,Silver
C153,A0153,244,2,106844.0,5,Silver
C5223,A5223,184,1,102866.0,5,Silver
C142,A0142,59,1,88500.0,5,Silver
C136,A0136,183,1,84867.0,5,Silver
C5233,A5233,116,1,80585.0,5,Silver
C006,A0006,180,2,77705.0,5,Silver
C111,A0111,64,2,74727.0,5,Silver
C7251,A7251,130,2,70645.0,5,Silver
C106,A0106,6,1,69671.0,5,Silver
C7246,A7246,28,1,59541.0,5,Silver
C061,A0061,5,1,54270.0,5,Silver
C3207,A3207,8,1,51474.0,5,Silver
C094,A0094,22,1,41138.0,5,Silver
C022,A0022,6,1,25562.0,5,Silver
C1174,A1174,5,1,23244.0,5,Silver
C080,A0080,17,1,22780.0,5,Silver
C098,A0098,6,1,22371.0,5,Silver
C024,A0024,181,2,19703.0,5,Silver
C7250,A7250,6,1,17547.0,5,Silver
C5230,A5230,113,2,16299.0,5,Silver
C145,A0145,5,1,6798.0,5,Silver
C114,A0114,155,2,-13880.0,5,Silver
C130,A0130,26,1,-43435.0,5,Silver
C158,A0158,72,2,-48424.0,5,Silver
C087,A0087,444,1,153261.0,4,Bronze
C3202,A3202,335,1,150840.0,4,Bronze
C041,A0041,254,1,149785.0,4,Bronze
C138,A0138,459,1,143251.0,4,Bronze
C005,A0005,259,1,135107.0,4,Bronze
C133,A0133,307,1,133657.0,4,Bronze
C076,A0076,234,1,125918.0,4,Bronze
C063,A0063,289,1,123305.0,4,Bronze
C028,A0028,453,1,100736.0,4,Bronze
C089,A0089,459,1,97460.0,4,Bronze
C122,A0122,327,1,94809.0,4,Bronze
C072,A0072,370,1,86735.0,4,Bronze
C2188,A2188,298,1,81797.0,4,Bronze
C3206,A3206,408,1,77708.0,4,Bronze
C104,A0104,204,1,77082.0,4,Bronze
C036,A0036,152,1,73540.0,4,Bronze
C6243,A6243,151,1,71523.0,4,Bronze
C4719,A4719,60,1,65496.0,4,Bronze
C128,A0128,41,1,44290.0,4,Bronze
C1176,A1176,338,2,43771.0,4,Bronze
C6242,A6242,61,1,35339.0,4,Bronze
C143,A0143,261,2,22616.0,4,Bronze
C6235,A6235,131,1,20951.0,4,Bronze
C088,A0088,375,2,11651.0,4,Bronze
C139,A0139,61,1,7484.0,4,Bronze
C003,A0003,36,1,2498.0,4,Bronze
C081,A0081,217,2,-25362.0,4,Bronze
C3208,A3208,62,1,-83466.0,4,Bronze
C5227,A5227,171,1,-151555.0,4,Bronze
C3205,A3205,207,1,75022.0,3,Bronze
C029,A0029,205,1,72317.0,3,Bronze
C5224,A5224,416,1,69540.0,3,Bronze
C064,A0064,243,1,65158.0,3,Bronze
C3209,A3209,407,1,52347.0,3,Bronze
C095,A0095,271,1,44343.0,3,Bronze
C120,A0120,301,1,44185.0,3,Bronze
C6237,A6237,326,1,39546.0,3,Bronze
C131,A0131,269,1,23275.0,3,Bronze
C2189,A2189,272,1,11360.0,3,Bronze
C151,A0151,351,1,4115.0,3,Bronze
C154,A0154,295,1,-22020.0,3,Bronze
C116,A0116,372,1,-114762.0,3,Bronze
C107,A0107,402,1,-118928.0,3,Bronze
C161,A0161,295,1,-136440.0,3,Bronze
C074,A0074,365,1,-145063.0,3,Bronze
C5225,A5225,236,1,-169675.0,3,Bronze
