region,branch_id,branch_name,net_volume,txn_count,rnk,dense_rnk,performer_flag
East,B287,Branch_54,749582.0,7,1,1,TOP
East,B050,Branch_50,746853.0,6,2,2,
East,B392,Branch_47,598226.0,5,3,3,
East,B070,Branch_70,558407.0,7,4,4,
East,B045,Branch_45,529880.0,4,5,5,
East,B046,Branch_46,477859.0,4,6,6,
East,B041,Branch_41,469007.0,7,7,7,
East,B030,Branch_30,403212.0,6,8,8,
East,B026,Branch_26,334879.0,2,9,9,
East,B022,Branch_22,288800.0,3,10,10,
East,B004,Branch_4,285676.0,3,11,11,
East,B074,Branch_74,276785.0,2,12,12,
East,B601,Branch_47,251490.0,4,13,13,
East,B040,Branch_40,247647.0,4,14,14,
East,B021,Branch_21,227038.0,2,15,15,
East,B016,Branch_16,222474.0,5,16,16,
East,B183,Branch_70,219560.0,3,17,17,
East,B598,Branch_9,203253.0,3,18,18,
East,B390,Branch_57,201361.0,2,19,19,
East,B012,Branch_12,192325.0,1,20,20,
East,B056,Branch_56,178954.0,2,21,21,
East,B057,Branch_57,147560.0,1,22,22,
East,B025,Branch_25,144172.0,2,23,23,
East,B042,Branch_42,111562.0,1,24,24,
East,B033,Branch_33,91199.0,2,25,25,
East,B009,Branch_9,68931.0,2,26,26,
East,B001,Branch_1,66690.0,1,27,27,
East,B494,Branch_46,42416.0,1,28,28,
East,B035,Branch_35,42075.0,1,29,29,
East,B076,Branch_76,37293.0,1,30,30,
East,B047,Branch_47,29639.0,1,31,31,
East,B072,Branch_72,13606.0,1,32,32,BOTTOM
North,B011,Branch_11,529810.0,5,1,1,TOP
North,B023,Branch_23,458286.0,4,2,2,
North,B060,Branch_60,417446.0,3,3,3,
North,B288,Branch_13,413106.0,3,4,4,
North,B064,Branch_64,382048.0,3,5,5,
North,B029,Branch_29,374808.0,3,6,6,
North,B066,Branch_66,347523.0,2,7,7,
North,B071,Branch_71,337424.0,3,8,8,
North,B495,Branch_8,298514.0,5,9,9,
North,B053,Branch_53,282311.0,5,10,10,
North,B182,Branch_48,276381.0,3,11,11,
North,B049,Branch_49,243020.0,3,12,12,
North,B038,Branch_38,230309.0,2,13,13,
North,B052,Branch_52,228971.0,4,14,14,
North,B048,Branch_48,219896.0,2,15,15,
North,B078,Branch_78,205385.0,3,16,16,
North,B017,Branch_17,166729.0,2,17,17,
North,B068,Branch_68,155342.0,1,18,18,
North,B054,Branch_54,152454.0,3,19,19,
North,B005,Branch_5,59541.0,1,20,20,
North,B067,Branch_67,32360.0,2,21,21,
North,B007,Branch_7,20726.0,3,22,22,
North,B184,Branch_54,-44476.0,3,23,23,
North,B286,Branch_20,-56213.0,2,24,24,
North,B043,Branch_43,-108378.0,1,25,25,
North,B008,Branch_8,-112264.0,2,26,26,BOTTOM
South,B018,Branch_18,819655.0,7,1,1,TOP
South,B028,Branch_28,498041.0,6,2,2,
South,B069,Branch_69,497191.0,4,3,3,
South,B077,Branch_77,482045.0,4,4,4,
South,B019,Branch_19,369071.0,3,5,5,
South,B497,Branch_36,344050.0,3,6,6,
South,B036,Branch_36,329657.0,5,7,7,
South,B039,Branch_39,272850.0,4,8,8,
South,B600,Branch_58,242622.0,3,9,9,
South,B058,Branch_58,208071.0,3,10,10,
South,B003,Branch_3,203094.0,2,11,11,
South,B010,Branch_10,179752.0,4,12,12,
South,B037,Branch_37,174118.0,1,13,13,
South,B055,Branch_55,125759.0,1,14,14,
South,B062,Branch_62,122726.0,2,15,15,
South,B031,Branch_31,64864.0,2,16,16,
South,B075,Branch_75,52347.0,1,17,17,
South,B391,Branch_31,51474.0,1,18,18,
South,B063,Branch_63,32311.0,2,19,19,
South,B032,Branch_32,-30022.0,1,20,20,
South,B027,Branch_27,-53619.0,2,21,21,BOTTOM
West,B073,Branch_73,395147.0,3,1,1,TOP
West,B289,Branch_63,393409.0,3,2,2,
West,B024,Branch_24,335983.0,3,3,3,
West,B599,Branch_61,305733.0,4,4,4,
West,B065,Branch_65,271016.0,3,5,5,
West,B020,Branch_20,262400.0,3,6,6,
West,B393,Branch_13,188310.0,2,7,7,
West,B013,Branch_13,91578.0,1,8,8,
West,B014,Branch_14,74662.0,1,9,9,
West,B006,Branch_6,51513.0,1,10,10,
West,B044,Branch_44,27372.0,2,11,11,
West,B181,Branch_59,22792.0,1,12,12,
West,B059,Branch_59,22780.0,1,13,13,
West,B496,Branch_51,-170296.0,3,14,14,BOTTOM
