product_id,product_name,branch_id,total_count,refund_count,refund_count_pct,total_value,refund_value,refund_value_pct
P008,Product_8,B184,1,1.0,100.0,57045.0,57045.0,100.0
P024,Product_24,B184,1,1.0,100.0,26977.0,26977.0,100.0
P024,Product_24,B287,1,1.0,100.0,38334.0,38334.0,100.0
P025,Product_25,B031,1,1.0,100.0,88873.0,88873.0,100.0
P027,Product_27,B496,1,1.0,100.0,151555.0,151555.0,100.0
P034,Product_34,B032,1,1.0,100.0,30022.0,30022.0,100.0
P040,Product_40,B496,1,1.0,100.0,12293.0,12293.0,100.0
P048,Product_48,B039,1,1.0,100.0,116977.0,116977.0,100.0
P048,Product_48,B496,1,1.0,100.0,6448.0,6448.0,100.0
P050,Product_50,B043,1,1.0,100.0,108378.0,108378.0,100.0
P056,Product_56,B010,1,1.0,100.0,118928.0,118928.0,100.0
P064,Product_64,B016,1,1.0,100.0,164723.0,164723.0,100.0
P073,Product_73,B286,1,1.0,100.0,100503.0,100503.0,100.0
P075,Product_75,B008,1,1.0,100.0,114762.0,114762.0,100.0
P082,Product_82,B495,1,1.0,100.0,145063.0,145063.0,100.0
P091,Product_91,B052,1,1.0,100.0,83466.0,83466.0,100.0
P093,Product_93,B036,1,1.0,100.0,85581.0,85581.0,100.0
P093,Product_93,B040,1,1.0,100.0,22020.0,22020.0,100.0
P503,Product_30,B053,1,1.0,100.0,43435.0,43435.0,100.0
P505,Product_71,B044,1,1.0,100.0,125889.0,125889.0,100.0
P506,Product_48,B027,1,1.0,100.0,169675.0,169675.0,100.0
P506,Product_48,B030,1,1.0,100.0,53468.0,53468.0,100.0
P611,Product_50,B007,1,1.0,100.0,136440.0,136440.0,100.0
P712,Product_55,B054,1,1.0,100.0,14677.0,14677.0,100.0
P001,Product_1,B011,2,0.0,0.0,274937.0,0.0,0.0
P001,Product_1,B060,1,0.0,0.0,149785.0,0.0,0.0
P001,Product_1,B070,1,0.0,0.0,163970.0,0.0,0.0
P001,Product_1,B074,1,0.0,0.0,124731.0,0.0,0.0
P003,Product_3,B026,1,0.0,0.0,183550.0,0.0,0.0
P003,Product_3,B070,1,0.0,0.0,64988.0,0.0,0.0
P004,Product_4,B010,1,0.0,0.0,93273.0,0.0,0.0
P004,Product_4,B039,1,0.0,0.0,79707.0,0.0,0.0
P004,Product_4,B050,1,0.0,0.0,176329.0,0.0,0.0
P004,Product_4,B077,1,0.0,0.0,113285.0,0.0,0.0
P004,Product_4,B601,1,0.0,0.0,172432.0,0.0,0.0
P005,Product_5,B064,1,0.0,0.0,178526.0,0.0,0.0
P006,Product_6,B029,1,0.0,0.0,183613.0,0.0,0.0
P006,Product_6,B040,1,0.0,0.0,91615.0,0.0,0.0
P007,Product_7,B067,1,0.0,0.0,6798.0,0.0,0.0
P007,Product_7,B183,1,0.0,0.0,145913.0,0.0,0.0
P009,Product_9,B028,1,0.0,0.0,17547.0,0.0,0.0
P009,Product_9,B041,1,0.0,0.0,30283.0,0.0,0.0
P009,Product_9,B070,1,0.0,0.0,54270.0,0.0,0.0
P010,Product_10,B077,1,0.0,0.0,143251.0,0.0,0.0
P011,Product_11,B010,1,0.0,0.0,61624.0,0.0,0.0
P011,Product_11,B019,1,0.0,0.0,164421.0,0.0,0.0
P011,Product_11,B064,1,0.0,0.0,35339.0,0.0,0.0
P013,Product_13,B003,1,0.0,0.0,26539.0,0.0,0.0
P013,Product_13,B006,1,0.0,0.0,51513.0,0.0,0.0
P013,Product_13,B600,1,0.0,0.0,35173.0,0.0,0.0
P014,Product_14,B041,1,0.0,0.0,19834.0,0.0,0.0
P015,Product_15,B054,1,0.0,0.0,97460.0,0.0,0.0
P015,Product_15,B289,1,0.0,0.0,145782.0,0.0,0.0
P016,Product_16,B008,1,0.0,0.0,2498.0,0.0,0.0
P016,Product_16,B009,1,0.0,0.0,35026.0,0.0,0.0
P016,Product_16,B058,1,0.0,0.0,115329.0,0.0,0.0
P016,Product_16,B183,1,0.0,0.0,34983.0,0.0,0.0
P017,Product_17,B599,1,0.0,0.0,23244.0,0.0,0.0
P018,Product_18,B011,1,0.0,0.0,66051.0,0.0,0.0
P018,Product_18,B046,1,0.0,0.0,182412.0,0.0,0.0
P020,Product_20,B003,1,0.0,0.0,176555.0,0.0,0.0
P020,Product_20,B045,1,0.0,0.0,79693.0,0.0,0.0
P021,Product_21,B030,1,0.0,0.0,174408.0,0.0,0.0
P021,Product_21,B059,1,0.0,0.0,22780.0,0.0,0.0
P022,Product_22,B018,1,0.0,0.0,124296.0,0.0,0.0
P022,Product_22,B070,1,0.0,0.0,146904.0,0.0,0.0
P022,Product_22,B071,1,0.0,0.0,194965.0,0.0,0.0
P022,Product_22,B392,1,0.0,0.0,130234.0,0.0,0.0
P023,Product_23,B030,1,0.0,0.0,108573.0,0.0,0.0
P023,Product_23,B056,1,0.0,0.0,6228.0,0.0,0.0
P023,Product_23,B598,1,0.0,0.0,128498.0,0.0,0.0
P024,Product_24,B182,1,0.0,0.0,127199.0,0.0,0.0
P024,Product_24,B497,1,0.0,0.0,57257.0,0.0,0.0
P026,Product_26,B014,1,0.0,0.0,74662.0,0.0,0.0
P026,Product_26,B070,1,0.0,0.0,79528.0,0.0,0.0
P026,Product_26,B075,1,0.0,0.0,52347.0,0.0,0.0
P027,Product_27,B029,1,0.0,0.0,155330.0,0.0,0.0
P028,Product_28,B041,1,0.0,0.0,22665.0,0.0,0.0
P029,Product_29,B018,1,0.0,0.0,171126.0,0.0,0.0
P029,Product_29,B077,1,0.0,0.0,34586.0,0.0,0.0
P030,Product_30,B069,1,0.0,0.0,168492.0,0.0,0.0
P031,Product_31,B017,1,0.0,0.0,77708.0,0.0,0.0
P031,Product_31,B025,1,0.0,0.0,73540.0,0.0,0.0
P031,Product_31,B598,1,0.0,0.0,22371.0,0.0,0.0
P032,Product_32,B033,1,0.0,0.0,4115.0,0.0,0.0
P032,Product_32,B077,1,0.0,0.0,190923.0,0.0,0.0
P032,Product_32,B078,1,0.0,0.0,46112.0,0.0,0.0
P034,Product_34,B040,1,0.0,0.0,14251.0,0.0,0.0
P034,Product_34,B048,1,0.0,0.0,156288.0,0.0,0.0
P034,Product_34,B070,1,0.0,0.0,41711.0,0.0,0.0
P035,Product_35,B392,1,0.0,0.0,69129.0,0.0,0.0
P036,Product_36,B007,1,0.0,0.0,133222.0,0.0,0.0
P036,Product_36,B052,1,0.0,0.0,165239.0,0.0,0.0
P036,Product_36,B065,1,0.0,0.0,29263.0,0.0,0.0
P036,Product_36,B066,1,0.0,0.0,175371.0,0.0,0.0
P036,Product_36,B181,1,0.0,0.0,22792.0,0.0,0.0
P036,Product_36,B289,1,0.0,0.0,133657.0,0.0,0.0
P036,Product_36,B390,1,0.0,0.0,129044.0,0.0,0.0
P037,Product_37,B011,1,0.0,0.0,149078.0,0.0,0.0
P037,Product_37,B024,1,0.0,0.0,86735.0,0.0,0.0
P037,Product_37,B030,1,0.0,0.0,103390.0,0.0,0.0
P037,Product_37,B031,1,0.0,0.0,153737.0,0.0,0.0
P037,Product_37,B054,1,0.0,0.0,69671.0,0.0,0.0
P038,Product_38,B009,1,0.0,0.0,33905.0,0.0,0.0
P038,Product_38,B599,1,0.0,0.0,170869.0,0.0,0.0
P039,Product_39,B016,1,0.0,0.0,35462.0,0.0,0.0
P039,Product_39,B023,1,0.0,0.0,97348.0,0.0,0.0
P039,Product_39,B040,1,0.0,0.0,163801.0,0.0,0.0
P039,Product_39,B069,1,0.0,0.0,24688.0,0.0,0.0
P039,Product_39,B287,1,0.0,0.0,189925.0,0.0,0.0
P039,Product_39,B288,1,0.0,0.0,72265.0,0.0,0.0
P040,Product_40,B053,1,0.0,0.0,167696.0,0.0,0.0
P041,Product_41,B024,1,0.0,0.0,168559.0,0.0,0.0
P041,Product_41,B063,1,0.0,0.0,20951.0,0.0,0.0
P042,Product_42,B028,1,0.0,0.0,179992.0,0.0,0.0
P042,Product_42,B039,1,0.0,0.0,141022.0,0.0,0.0
P042,Product_42,B041,1,0.0,0.0,178429.0,0.0,0.0
P043,Product_43,B182,1,0.0,0.0,70669.0,0.0,0.0
P044,Product_44,B045,1,0.0,0.0,108400.0,0.0,0.0
P045,Product_45,B017,1,0.0,0.0,89021.0,0.0,0.0
P046,Product_46,B050,1,0.0,0.0,137394.0,0.0,0.0
P046,Product_46,B601,1,0.0,0.0,8309.0,0.0,0.0
P047,Product_47,B046,1,0.0,0.0,131004.0,0.0,0.0
P047,Product_47,B062,1,0.0,0.0,102866.0,0.0,0.0
P047,Product_47,B392,1,0.0,0.0,172060.0,0.0,0.0
P048,Product_48,B036,1,0.0,0.0,7993.0,0.0,0.0
P048,Product_48,B069,1,0.0,0.0,191951.0,0.0,0.0
P048,Product_48,B071,1,0.0,0.0,44343.0,0.0,0.0
P048,Product_48,B600,1,0.0,0.0,15266.0,0.0,0.0
P049,Product_49,B050,1,0.0,0.0,81797.0,0.0,0.0
P049,Product_49,B183,1,0.0,0.0,38664.0,0.0,0.0
P049,Product_49,B497,1,0.0,0.0,94809.0,0.0,0.0
P050,Product_50,B036,1,0.0,0.0,110418.0,0.0,0.0
P051,Product_51,B052,1,0.0,0.0,104243.0,0.0,0.0
P051,Product_51,B064,1,0.0,0.0,168183.0,0.0,0.0
P053,Product_53,B052,1,0.0,0.0,42955.0,0.0,0.0
P055,Product_55,B049,1,0.0,0.0,100442.0,0.0,0.0
P056,Product_56,B018,1,0.0,0.0,84867.0,0.0,0.0
P056,Product_56,B021,1,0.0,0.0,156226.0,0.0,0.0
P056,Product_56,B022,1,0.0,0.0,91860.0,0.0,0.0
P057,Product_57,B004,1,0.0,0.0,75022.0,0.0,0.0
P057,Product_57,B029,1,0.0,0.0,35865.0,0.0,0.0
P057,Product_57,B057,1,0.0,0.0,147560.0,0.0,0.0
P057,Product_57,B184,1,0.0,0.0,39546.0,0.0,0.0
P058,Product_58,B022,1,0.0,0.0,88500.0,0.0,0.0
P058,Product_58,B023,1,0.0,0.0,149193.0,0.0,0.0
P058,Product_58,B050,1,0.0,0.0,173360.0,0.0,0.0
P058,Product_58,B053,1,0.0,0.0,44185.0,0.0,0.0
P058,Product_58,B392,1,0.0,0.0,56459.0,0.0,0.0
P058,Product_58,B497,1,0.0,0.0,191984.0,0.0,0.0
P060,Product_60,B007,1,0.0,0.0,23944.0,0.0,0.0
P060,Product_60,B018,1,0.0,0.0,7484.0,0.0,0.0
P061,Product_61,B011,1,0.0,0.0,39744.0,0.0,0.0
P061,Product_61,B039,1,0.0,0.0,169098.0,0.0,0.0
P061,Product_61,B287,1,0.0,0.0,106621.0,0.0,0.0
P064,Product_64,B055,1,0.0,0.0,125759.0,0.0,0.0
P064,Product_64,B058,1,0.0,0.0,11492.0,0.0,0.0
P064,Product_64,B062,1,0.0,0.0,19860.0,0.0,0.0
P065,Product_65,B001,1,0.0,0.0,66690.0,0.0,0.0
P065,Product_65,B028,1,0.0,0.0,69540.0,0.0,0.0
P065,Product_65,B065,1,0.0,0.0,106646.0,0.0,0.0
P067,Product_67,B042,1,0.0,0.0,111562.0,0.0,0.0
P067,Product_67,B495,1,0.0,0.0,80585.0,0.0,0.0
P068,Product_68,B049,1,0.0,0.0,65496.0,0.0,0.0
P068,Product_68,B073,1,0.0,0.0,188100.0,0.0,0.0
P069,Product_69,B018,1,0.0,0.0,157470.0,0.0,0.0
P069,Product_69,B071,1,0.0,0.0,98116.0,0.0,0.0
P069,Product_69,B390,1,0.0,0.0,72317.0,0.0,0.0
P070,Product_70,B019,1,0.0,0.0,21428.0,0.0,0.0
P070,Product_70,B041,2,0.0,0.0,211252.0,0.0,0.0
P070,Product_70,B045,1,0.0,0.0,154934.0,0.0,0.0
P072,Product_72,B022,1,0.0,0.0,108440.0,0.0,0.0
P072,Product_72,B072,1,0.0,0.0,13606.0,0.0,0.0
P072,Product_72,B393,1,0.0,0.0,115423.0,0.0,0.0
P073,Product_73,B004,1,0.0,0.0,22747.0,0.0,0.0
P073,Product_73,B010,1,0.0,0.0,143783.0,0.0,0.0
P073,Product_73,B050,1,0.0,0.0,19202.0,0.0,0.0
P074,Product_74,B023,1,0.0,0.0,36691.0,0.0,0.0
P074,Product_74,B078,1,0.0,0.0,98109.0,0.0,0.0
P075,Product_75,B287,1,0.0,0.0,189113.0,0.0,0.0
P075,Product_75,B391,1,0.0,0.0,51474.0,0.0,0.0
P077,Product_77,B028,1,0.0,0.0,2047.0,0.0,0.0
P077,Product_77,B495,1,0.0,0.0,158036.0,0.0,0.0
P078,Product_78,B600,1,0.0,0.0,192183.0,0.0,0.0
P079,Product_79,B041,1,0.0,0.0,6544.0,0.0,0.0
P079,Product_79,B076,1,0.0,0.0,37293.0,0.0,0.0
P079,Product_79,B599,1,0.0,0.0,88345.0,0.0,0.0
P080,Product_80,B016,1,0.0,0.0,66805.0,0.0,0.0
P080,Product_80,B036,1,0.0,0.0,173169.0,0.0,0.0
P080,Product_80,B494,1,0.0,0.0,42416.0,0.0,0.0
P081,Product_81,B028,1,0.0,0.0,61679.0,0.0,0.0
P081,Product_81,B074,1,0.0,0.0,152054.0,0.0,0.0
P081,Product_81,B289,1,0.0,0.0,113970.0,0.0,0.0
P083,Product_83,B013,1,0.0,0.0,91578.0,0.0,0.0
P083,Product_83,B038,1,0.0,0.0,35955.0,0.0,0.0
P084,Product_84,B020,1,0.0,0.0,71523.0,0.0,0.0
P084,Product_84,B033,1,0.0,0.0,87084.0,0.0,0.0
P084,Product_84,B053,1,0.0,0.0,106708.0,0.0,0.0
P084,Product_84,B066,1,0.0,0.0,172152.0,0.0,0.0
P084,Product_84,B069,1,0.0,0.0,112060.0,0.0,0.0
P086,Product_86,B004,1,0.0,0.0,187907.0,0.0,0.0
P086,Product_86,B021,1,0.0,0.0,70812.0,0.0,0.0
P086,Product_86,B036,1,0.0,0.0,123658.0,0.0,0.0
P086,Product_86,B046,1,0.0,0.0,41138.0,0.0,0.0
P086,Product_86,B287,1,0.0,0.0,12511.0,0.0,0.0
P086,Product_86,B495,1,0.0,0.0,61424.0,0.0,0.0
P087,Product_87,B019,1,0.0,0.0,183222.0,0.0,0.0
P087,Product_87,B023,1,0.0,0.0,175054.0,0.0,0.0
P087,Product_87,B025,1,0.0,0.0,70632.0,0.0,0.0
P087,Product_87,B037,1,0.0,0.0,174118.0,0.0,0.0
P087,Product_87,B046,1,0.0,0.0,123305.0,0.0,0.0
P087,Product_87,B063,1,0.0,0.0,11360.0,0.0,0.0
P090,Product_90,B078,1,0.0,0.0,61164.0,0.0,0.0
P090,Product_90,B182,1,0.0,0.0,78513.0,0.0,0.0
P090,Product_90,B599,1,0.0,0.0,23275.0,0.0,0.0
P091,Product_91,B012,1,0.0,0.0,192325.0,0.0,0.0
P091,Product_91,B020,1,0.0,0.0,94965.0,0.0,0.0
P091,Product_91,B050,1,0.0,0.0,158771.0,0.0,0.0
P091,Product_91,B060,1,0.0,0.0,85172.0,0.0,0.0
P093,Product_93,B047,1,0.0,0.0,29639.0,0.0,0.0
P093,Product_93,B067,1,0.0,0.0,25562.0,0.0,0.0
P093,Product_93,B601,1,0.0,0.0,57274.0,0.0,0.0
P094,Product_94,B044,1,0.0,0.0,153261.0,0.0,0.0
P094,Product_94,B048,1,0.0,0.0,63608.0,0.0,0.0
P094,Product_94,B049,1,0.0,0.0,77082.0,0.0,0.0
P094,Product_94,B288,1,0.0,0.0,183185.0,0.0,0.0
P095,Product_95,B065,1,0.0,0.0,135107.0,0.0,0.0
P095,Product_95,B070,1,0.0,0.0,7036.0,0.0,0.0
P095,Product_95,B601,1,0.0,0.0,13475.0,0.0,0.0
P402,,B018,1,0.0,0.0,125918.0,0.0,0.0
P402,,B026,1,0.0,0.0,151329.0,0.0,0.0
P402,,B056,1,0.0,0.0,172726.0,0.0,0.0
P402,,B073,1,0.0,0.0,65158.0,0.0,0.0
P402,,B393,1,0.0,0.0,72887.0,0.0,0.0
P503,Product_30,B020,1,0.0,0.0,95912.0,0.0,0.0
P503,Product_30,B495,1,0.0,0.0,143532.0,0.0,0.0
P504,Product_1,B005,1,0.0,0.0,59541.0,0.0,0.0
P504,Product_1,B045,1,0.0,0.0,186853.0,0.0,0.0
P504,Product_1,B068,1,0.0,0.0,155342.0,0.0,0.0
P504,Product_1,B392,1,0.0,0.0,170344.0,0.0,0.0
P505,Product_71,B038,1,0.0,0.0,194354.0,0.0,0.0
P505,Product_71,B073,1,0.0,0.0,141889.0,0.0,0.0
P505,Product_71,B286,1,0.0,0.0,44290.0,0.0,0.0
P505,Product_71,B288,1,0.0,0.0,157656.0,0.0,0.0
P506,Product_48,B024,1,0.0,0.0,80689.0,0.0,0.0
P507,Product_25,B027,1,0.0,0.0,116056.0,0.0,0.0
P507,Product_25,B058,1,0.0,0.0,81250.0,0.0,0.0
P609,Product_95,B028,1,0.0,0.0,167236.0,0.0,0.0
P609,Product_95,B030,1,0.0,0.0,65265.0,0.0,0.0
P609,Product_95,B060,1,0.0,0.0,182489.0,0.0,0.0
P610,Product_83,B016,1,0.0,0.0,134090.0,0.0,0.0
P611,Product_50,B035,1,0.0,0.0,42075.0,0.0,0.0
P611,Product_50,B053,1,0.0,0.0,7157.0,0.0,0.0
P611,Product_50,B598,1,0.0,0.0,52384.0,0.0,0.0
P712,Product_55,B016,1,0.0,0.0,150840.0,0.0,0.0
P712,Product_55,B287,1,0.0,0.0,191836.0,0.0,0.0
P713,Product_81,B018,1,0.0,0.0,148494.0,0.0,0.0
P713,Product_81,B030,1,0.0,0.0,5044.0,0.0,0.0
P713,Product_81,B287,1,0.0,0.0,97910.0,0.0,0.0
