activation_type,account_id,customer_id
FIRST_TXN_DAY2,A0061,
FIRST_TXN_DAY2,A0098,
FIRST_TXN_DAY2,A0149,
FIRST_TXN_DAY2,A6241,
ONBOARDED_NO_TXN_DAY2,A0166,C166
ONBOARDED_NO_TXN_DAY2,A0167,C167
ONBOARDED_NO_TXN_DAY2,A0168,C168
ONBOARDED_NO_TXN_DAY2,A0169,C169
ONBOARDED_NO_TXN_DAY2,A0170,C170
ONBOARDED_NO_TXN_DAY2,A0171,C171
ONBOARDED_NO_TXN_DAY2,A0172,C172
ONBOARDED_NO_TXN_DAY2,A0173,C173
ONBOARDED_NO_TXN_DAY2,A0174,C174
ONBOARDED_NO_TXN_DAY2,A0175,C175
ONBOARDED_NO_TXN_DAY2,A0176,C176
ONBOARDED_NO_TXN_DAY2,A0177,C177
ONBOARDED_NO_TXN_DAY2,A0178,C178
ONBOARDED_NO_TXN_DAY2,A0179,C179
ONBOARDED_NO_TXN_DAY2,A0180,C180
ONBOARDED_NO_TXN_DAY2,A0181,C181
ONBOARDED_NO_TXN_DAY2,A0182,C182
ONBOARDED_NO_TXN_DAY2,A0183,C183
ONBOARDED_NO_TXN_DAY2,A0184,C184
ONBOARDED_NO_TXN_DAY2,A0185,C185
ONBOARDED_NO_TXN_DAY2,A0186,C186
ONBOARDED_NO_TXN_DAY2,A0187,C187
