transaction_id,account_id,branch_id,txn_ts,amount,status,txns_last_10m,risk_reason
T0814,A0078,B393,2025-07-02 03:56:00,72887,SUCCESS,1,NIGHT_00_05
T0835,A0129,B071,2025-07-03 05:42:00,194965,SUCCESS,1,HIGH_VALUE
T0767,A0138,B077,2025-07-04 20:21:00,143251,SUCCESS,1,HIGH_VALUE
T0731,A0052,B028,2025-07-05 03:48:00,153290,FAILED,1,HIGH_VALUE; NIGHT_00_05
T0637,A0046,B042,2025-07-07 01:51:00,18134,FAILED,1,NIGHT_00_05
T0279,A0155,B019,2025-07-08 06:18:00,155970,PENDING,1,HIGH_VALUE
T0733,A0068,B063,2025-07-09 02:02:00,75033,FAILED,1,NIGHT_00_05
T0528,A0096,B050,2025-07-09 03:36:00,36412,FAILED,1,NIGHT_00_05
T0446,A0026,B050,2025-07-10 03:24:00,39390,PENDING,1,NIGHT_00_05
T0179,A0028,B011,2025-07-10 18:28:00,100736,SUCCESS,1,HIGH_VALUE
T0832,A3207,B289,2025-07-14 23:47:00,141629,FAILED,1,HIGH_VALUE
T0591,A0159,B065,2025-07-15 05:09:00,151664,PENDING,1,HIGH_VALUE
T0387,A0035,B019,2025-07-16 09:25:00,164421,SUCCESS,1,HIGH_VALUE
T0453,A0087,B044,2025-07-19 06:14:00,153261,SUCCESS,1,HIGH_VALUE
T0337,A0025,B026,2025-07-20 19:57:00,187490,FAILED,1,HIGH_VALUE
T0518,A0066,B013,2025-07-21 13:05:00,172963,PENDING,1,HIGH_VALUE
T0883,A6234,B073,2025-07-22 01:43:00,188100,SUCCESS,1,HIGH_VALUE; NIGHT_00_05
T0462,A0146,B027,2025-07-22 20:09:00,157469,PENDING,1,HIGH_VALUE
T0426,A0021,B601,2025-07-22 22:56:00,142450,PENDING,1,HIGH_VALUE
T0595,A5229,B289,2025-07-23 08:48:00,145782,SUCCESS,1,HIGH_VALUE
T0623,A4721,B014,2025-07-23 10:35:00,134467,PENDING,1,HIGH_VALUE
T0161,A0106,B005,2025-07-24 18:12:00,140869,FAILED,1,HIGH_VALUE
T0509,A1181,B072,2025-07-25 02:51:00,72231,FAILED,1,NIGHT_00_05
T0535,A7244,B054,2025-07-26 16:54:00,159595,PENDING,1,HIGH_VALUE
T0861,A0030,B030,2025-07-28 19:09:00,108573,SUCCESS,1,HIGH_VALUE
T0112,A0132,B392,2025-07-31 01:21:00,62062,FAILED,1,NIGHT_00_05
T0596,A0158,B030,2025-08-01 01:12:00,5044,SUCCESS,1,NIGHT_00_05
T0766,A3203,B061,2025-08-01 09:13:00,187836,PENDING,1,HIGH_VALUE
T0370,A5227,B013,2025-08-02 04:33:00,79866,FAILED,1,NIGHT_00_05
T0107,A0020,B063,2025-08-03 11:26:00,158341,FAILED,1,HIGH_VALUE
T0493,A0112,B013,2025-08-04 06:19:00,133332,FAILED,1,HIGH_VALUE
T0082,A0146,B023,2025-08-04 11:37:00,126456,FAILED,1,HIGH_VALUE
T0380,A3203,B495,2025-08-04 18:05:00,146852,FAILED,1,HIGH_VALUE
T0420,A0105,B288,2025-08-06 03:10:00,128566,PENDING,1,HIGH_VALUE; NIGHT_00_05
T0292,A0097,B054,2025-08-06 21:46:00,191415,FAILED,1,HIGH_VALUE
T0834,A0152,B071,2025-08-08 03:30:00,98116,SUCCESS,1,NIGHT_00_05
T0010,A0021,B598,2025-08-09 15:11:00,128498,SUCCESS,1,HIGH_VALUE
T0182,A0002,B012,2025-08-10 13:46:00,122940,FAILED,1,HIGH_VALUE
T0451,A0002,B063,2025-08-11 02:31:00,105504,PENDING,1,HIGH_VALUE; NIGHT_00_05
T0048,A0088,B600,2025-08-12 04:32:00,20648,FAILED,1,NIGHT_00_05
T0349,A2197,B601,2025-08-12 23:06:00,172432,SUCCESS,1,HIGH_VALUE
T0222,A6237,B049,2025-08-14 04:40:00,158267,FAILED,1,HIGH_VALUE; NIGHT_00_05
T0752,A0056,B018,2025-08-16 02:59:00,188491,PENDING,1,HIGH_VALUE; NIGHT_00_05
T0894,A0056,B057,2025-08-19 10:44:00,123062,FAILED,1,HIGH_VALUE
T0392,A0021,B076,2025-08-19 10:48:00,136571,PENDING,1,HIGH_VALUE
T0400,A0046,B288,2025-08-20 03:48:00,63051,PENDING,1,NIGHT_00_05
T0836,A0115,B032,2025-08-21 03:19:00,62828,FAILED,1,NIGHT_00_05
T0483,A0139,B038,2025-08-21 13:45:00,116926,FAILED,1,HIGH_VALUE
T0215,A0092,B071,2025-08-24 00:22:00,189881,PENDING,1,HIGH_VALUE; NIGHT_00_05
T0823,A3206,B017,2025-08-24 01:49:00,77708,SUCCESS,1,NIGHT_00_05
T0037,A7249,B021,2025-08-24 02:27:00,103238,FAILED,1,HIGH_VALUE; NIGHT_00_05
T0041,A0085,B027,2025-08-25 21:52:00,156844,FAILED,1,HIGH_VALUE
T0316,A0157,B287,2025-08-26 03:28:00,113815,FAILED,1,HIGH_VALUE; NIGHT_00_05
T0642,A0015,B068,2025-08-27 20:42:00,144602,FAILED,1,HIGH_VALUE
T0867,A0107,B010,2025-08-30 22:36:00,118928,SUCCESS,1,HIGH_VALUE
T0689,A0132,B287,2025-08-31 02:23:00,191836,SUCCESS,1,HIGH_VALUE; NIGHT_00_05
T0322,A6239,B182,2025-09-05 00:46:00,6035,PENDING,1,NIGHT_00_05
T0327,A1178,B041,2025-09-11 12:39:00,124629,SUCCESS,1,HIGH_VALUE
T0651,A0022,B068,2025-09-11 15:21:00,134777,FAILED,1,HIGH_VALUE
T0062,A0034,B011,2025-09-12 16:28:00,108511,PENDING,1,HIGH_VALUE
T0484,A0152,B495,2025-09-12 22:04:00,158036,SUCCESS,1,HIGH_VALUE
T0286,A0126,B393,2025-09-13 05:09:00,172850,PENDING,1,HIGH_VALUE
T0014,A0127,B012,2025-09-13 07:12:00,180162,PENDING,1,HIGH_VALUE
T0598,A0109,B012,2025-09-13 20:09:00,192325,SUCCESS,1,HIGH_VALUE
T0631,A4718,B034,2025-09-16 09:11:00,118969,PENDING,1,HIGH_VALUE
T0138,A3206,B016,2025-09-17 03:23:00,80434,PENDING,1,NIGHT_00_05
T0469,A6235,B601,2025-09-18 02:12:00,126891,FAILED,1,HIGH_VALUE; NIGHT_00_05
T0386,A0147,B036,2025-09-18 04:44:00,123658,SUCCESS,1,HIGH_VALUE; NIGHT_00_05
T0367,A2200,B024,2025-09-18 16:20:00,137689,PENDING,1,HIGH_VALUE
T0566,A0004,B032,2025-09-22 00:24:00,30022,SUCCESS,1,NIGHT_00_05
T0207,A5228,B390,2025-09-22 02:16:00,177847,FAILED,1,HIGH_VALUE; NIGHT_00_05
T0050,A6243,B046,2025-09-24 15:19:00,125350,FAILED,1,HIGH_VALUE
T0519,A7249,B286,2025-09-25 05:41:00,149663,FAILED,1,HIGH_VALUE
T0252,A0116,B008,2025-09-29 05:34:00,114762,SUCCESS,1,HIGH_VALUE
T0659,A0141,B060,2025-09-29 07:24:00,165813,PENDING,1,HIGH_VALUE
T0401,A0072,B024,2025-10-01 00:40:00,86735,SUCCESS,1,NIGHT_00_05
T0898,A5226,B025,2025-10-02 00:36:00,25120,PENDING,1,NIGHT_00_05
T0568,A0044,B286,2025-10-04 02:00:00,42830,PENDING,1,NIGHT_00_05
T0695,A0093,B046,2025-10-04 12:38:00,131004,SUCCESS,1,HIGH_VALUE
T0123,A0045,B054,2025-10-05 06:30:00,170532,PENDING,1,HIGH_VALUE
T0520,A6238,B058,2025-10-05 07:03:00,113149,PENDING,1,HIGH_VALUE
T0272,A7251,B021,2025-10-05 12:11:00,156226,SUCCESS,1,HIGH_VALUE
T0004,A0074,B495,2025-10-06 15:49:00,145063,SUCCESS,1,HIGH_VALUE
T0825,A0028,B008,2025-10-08 01:56:00,90266,PENDING,1,NIGHT_00_05
T0565,A0016,B004,2025-10-08 06:12:00,119478,PENDING,1,HIGH_VALUE
T0690,A5223,B497,2025-10-08 20:10:00,170396,PENDING,1,HIGH_VALUE
T0895,A6240,B392,2025-10-08 22:38:00,130234,SUCCESS,1,HIGH_VALUE
T0368,A0015,B599,2025-10-09 11:31:00,120908,PENDING,1,HIGH_VALUE
T0261,A1177,B052,2025-10-10 21:54:00,188561,PENDING,1,HIGH_VALUE
T0684,A0116,B020,2025-10-12 01:51:00,181254,PENDING,1,HIGH_VALUE; NIGHT_00_05
T0882,A0162,B031,2025-10-13 10:46:00,109951,FAILED,1,HIGH_VALUE
T0704,A5228,B026,2025-10-15 21:36:00,183550,SUCCESS,1,HIGH_VALUE
T0040,A5231,B183,2025-10-15 22:37:00,113522,FAILED,1,HIGH_VALUE
T0106,A0159,B060,2025-10-16 05:58:00,115540,PENDING,1,HIGH_VALUE
T0785,A0157,B039,2025-10-18 01:58:00,3035,FAILED,1,NIGHT_00_05
T0457,A1184,B018,2025-10-19 20:12:00,111430,PENDING,1,HIGH_VALUE
T0860,A0159,B018,2025-10-22 10:56:00,169635,FAILED,1,HIGH_VALUE
T0308,A0007,B031,2025-10-23 18:40:00,144215,FAILED,1,HIGH_VALUE
T0300,A6236,B599,2025-10-29 22:28:00,170869,SUCCESS,1,HIGH_VALUE
T0071,A0054,B181,2025-10-31 20:30:00,193799,PENDING,1,HIGH_VALUE
T0826,A0023,B021,2025-11-01 00:34:00,58772,FAILED,1,NIGHT_00_05
T0346,A0028,B029,2025-11-03 04:43:00,146081,PENDING,1,HIGH_VALUE; NIGHT_00_05
T0765,A3202,B016,2025-11-05 17:08:00,150840,SUCCESS,1,HIGH_VALUE
T0632,A0079,B061,2025-11-06 16:40:00,102276,PENDING,1,HIGH_VALUE
T0743,A0134,B013,2025-11-08 21:39:00,150178,PENDING,1,HIGH_VALUE
T0185,A2193,B016,2025-11-08 23:22:00,134090,SUCCESS,1,HIGH_VALUE
T0790,A0102,B041,2025-11-10 01:03:00,6544,SUCCESS,1,NIGHT_00_05
T0721,A0122,B497,2025-11-13 01:24:00,94809,SUCCESS,1,NIGHT_00_05
T0859,A7244,B028,2025-11-17 07:35:00,134882,FAILED,1,HIGH_VALUE
T0036,A0059,B040,2025-11-18 03:00:00,163801,SUCCESS,1,HIGH_VALUE; NIGHT_00_05
T0248,A0132,B390,2025-11-18 09:55:00,187200,PENDING,1,HIGH_VALUE
T0749,A2187,B060,2025-11-18 13:35:00,105585,PENDING,1,HIGH_VALUE
T0529,A0067,B392,2025-11-21 20:37:00,118422,FAILED,1,HIGH_VALUE
T0722,A0101,B038,2025-11-22 16:46:00,194354,SUCCESS,1,HIGH_VALUE
T0254,A0012,B036,2025-11-23 08:56:00,173169,SUCCESS,1,HIGH_VALUE
T0601,A0023,B032,2025-11-24 00:53:00,155532,FAILED,1,HIGH_VALUE; NIGHT_00_05
T0012,A0162,B007,2025-11-26 04:08:00,88624,FAILED,1,NIGHT_00_05
T0124,A0032,B010,2025-11-28 18:53:00,103190,PENDING,1,HIGH_VALUE
T0556,A0151,B004,2025-11-29 20:38:00,157867,PENDING,1,HIGH_VALUE
T0259,A0131,B042,2025-11-30 00:57:00,47339,FAILED,1,NIGHT_00_05
T0688,A1180,B023,2025-12-02 09:13:00,188822,FAILED,1,HIGH_VALUE
T0409,A0133,B289,2025-12-03 18:51:00,133657,SUCCESS,1,HIGH_VALUE
T0294,A2199,B028,2025-12-07 01:34:00,183350,PENDING,1,HIGH_VALUE; NIGHT_00_05
T0035,A0042,B048,2025-12-07 01:43:00,156288,SUCCESS,1,HIGH_VALUE; NIGHT_00_05
T0090,A0109,B495,2025-12-07 14:14:00,145705,PENDING,1,HIGH_VALUE
T0298,A1175,B014,2025-12-08 11:38:00,172259,FAILED,1,HIGH_VALUE
T0239,A0116,B056,2025-12-08 12:52:00,100237,PENDING,1,HIGH_VALUE
T0732,A0058,B053,2025-12-08 23:24:00,167696,SUCCESS,1,HIGH_VALUE
T0771,A0042,B022,2025-12-10 00:36:00,108440,SUCCESS,1,HIGH_VALUE; NIGHT_00_05
T0142,A0060,B003,2025-12-10 02:07:00,26539,SUCCESS,1,NIGHT_00_05
T0880,A0145,B068,2025-12-11 03:34:00,72928,FAILED,1,NIGHT_00_05
T0540,A2188,B050,2025-12-12 01:23:00,81797,SUCCESS,1,NIGHT_00_05
T0500,A0154,B040,2025-12-15 02:06:00,22020,SUCCESS,1,NIGHT_00_05
T0571,A0068,B041,2025-12-15 02:25:00,178429,SUCCESS,1,HIGH_VALUE; NIGHT_00_05
T0711,A0161,B007,2025-12-15 09:57:00,136440,SUCCESS,1,HIGH_VALUE
T0365,A0060,B062,2025-12-17 22:16:00,149458,FAILED,1,HIGH_VALUE
T0873,A0148,B071,2025-12-20 00:36:00,127503,FAILED,1,HIGH_VALUE; NIGHT_00_05
T0884,A0035,B064,2025-12-21 10:10:00,105184,FAILED,1,HIGH_VALUE
T0126,A0063,B046,2025-12-21 22:42:00,123305,SUCCESS,1,HIGH_VALUE
T0381,A0129,B055,2025-12-21 22:47:00,113850,PENDING,1,HIGH_VALUE
T0128,A0135,B071,2025-12-22 01:49:00,146520,PENDING,1,HIGH_VALUE; NIGHT_00_05
T0553,A0002,B052,2025-12-22 13:32:00,144755,FAILED,1,HIGH_VALUE
T0074,A0101,B035,2025-12-23 10:31:00,156045,PENDING,1,HIGH_VALUE
T0396,A0081,B023,2025-12-27 02:14:00,72908,PENDING,1,NIGHT_00_05
T0079,A7248,B289,2025-12-27 09:28:00,147571,FAILED,1,HIGH_VALUE
T0447,A0022,B391,2025-12-30 19:30:00,147792,FAILED,1,HIGH_VALUE
T0282,A0053,B072,2025-12-31 13:29:00,110733,PENDING,1,HIGH_VALUE
T0304,A0029,B497,2025-12-31 15:40:00,146411,PENDING,1,HIGH_VALUE
T0007,A0155,B052,2025-12-31 22:42:00,112455,FAILED,1,HIGH_VALUE
T0885,A0015,B077,2026-01-03 09:30:00,190923,SUCCESS,1,HIGH_VALUE
T0267,A0153,B069,2026-01-05 17:00:00,180918,FAILED,1,HIGH_VALUE
T0615,A0126,B061,2026-01-06 21:44:00,161773,PENDING,1,HIGH_VALUE
T0673,A0009,B069,2026-01-07 17:05:00,191951,SUCCESS,1,HIGH_VALUE
T0868,A2191,B027,2026-01-07 18:19:00,149121,FAILED,1,HIGH_VALUE
T0262,A0095,B071,2026-01-08 02:28:00,44343,SUCCESS,1,NIGHT_00_05
T0674,A0084,B050,2026-01-09 19:09:00,133805,FAILED,1,HIGH_VALUE
T0358,A0155,B052,2026-01-10 03:06:00,104243,SUCCESS,1,HIGH_VALUE; NIGHT_00_05
T0801,A0131,B599,2026-01-10 03:09:00,23275,SUCCESS,1,NIGHT_00_05
T0628,A0045,B061,2026-01-11 01:01:00,156244,PENDING,1,HIGH_VALUE; NIGHT_00_05
T0744,A0137,B075,2026-01-11 09:49:00,153665,PENDING,1,HIGH_VALUE
T0778,A0114,B286,2026-01-12 03:44:00,100503,SUCCESS,1,HIGH_VALUE; NIGHT_00_05
T0418,A0022,B184,2026-01-12 06:57:00,181219,PENDING,1,HIGH_VALUE
T0018,A1182,B056,2026-01-12 16:43:00,161049,PENDING,1,HIGH_VALUE
T0523,A6238,B037,2026-01-16 21:54:00,174118,SUCCESS,1,HIGH_VALUE
T0255,A2200,B055,2026-01-17 06:39:00,169434,PENDING,1,HIGH_VALUE
T0224,A0005,B065,2026-01-20 17:55:00,135107,SUCCESS,1,HIGH_VALUE
T0347,A1174,B008,2026-01-21 09:52:00,177381,FAILED,1,HIGH_VALUE
T0804,A0050,B052,2026-01-22 01:19:00,160748,FAILED,1,HIGH_VALUE; NIGHT_00_05
T0570,A0039,B044,2026-01-23 03:29:00,125889,SUCCESS,1,HIGH_VALUE; NIGHT_00_05
T0544,A0160,B601,2026-01-23 07:46:00,177644,PENDING,1,HIGH_VALUE
T0781,A0041,B060,2026-01-25 15:07:00,149785,SUCCESS,1,HIGH_VALUE
T0111,A0125,B392,2026-01-26 00:18:00,69129,SUCCESS,1,NIGHT_00_05
T0158,A0106,B067,2026-01-31 03:29:00,11560,PENDING,1,NIGHT_00_05
T0176,A1173,B031,2026-02-01 00:00:00,88873,SUCCESS,1,NIGHT_00_05
T0893,A1181,B181,2026-02-02 03:20:00,111451,FAILED,1,HIGH_VALUE; NIGHT_00_05
T0232,A7248,B041,2026-02-03 04:57:00,175421,PENDING,1,HIGH_VALUE; NIGHT_00_05
T0022,A0156,B393,2026-02-04 01:38:00,193262,PENDING,1,HIGH_VALUE; NIGHT_00_05
T0569,A0008,B073,2026-02-04 07:55:00,141889,SUCCESS,1,HIGH_VALUE
T0301,A0123,B003,2026-02-06 17:03:00,173620,PENDING,1,HIGH_VALUE
T0475,A0119,B601,2026-02-07 13:04:00,147742,FAILED,1,HIGH_VALUE
T0573,A3203,B070,2026-02-07 19:45:00,181748,PENDING,1,HIGH_VALUE
T0110,A0081,B005,2026-02-08 14:52:00,177082,PENDING,1,HIGH_VALUE
T0786,A0161,B070,2026-02-09 01:25:00,150257,PENDING,1,HIGH_VALUE; NIGHT_00_05
T0341,A0038,B183,2026-02-11 08:05:00,128920,FAILED,1,HIGH_VALUE
T0626,A0018,B023,2026-02-11 16:24:00,149193,SUCCESS,1,HIGH_VALUE
T0104,A0165,B390,2026-02-11 18:03:00,129044,SUCCESS,1,HIGH_VALUE
T0164,A5225,B027,2026-02-12 07:16:00,169675,SUCCESS,1,HIGH_VALUE
T0625,A7249,B287,2026-02-12 08:26:00,136021,PENDING,1,HIGH_VALUE
T0233,A0076,B018,2026-02-14 23:50:00,125918,SUCCESS,1,HIGH_VALUE
T0432,A0033,B011,2026-02-15 15:42:00,149078,SUCCESS,1,HIGH_VALUE
T0754,A2190,B034,2026-02-18 09:17:00,124131,PENDING,1,HIGH_VALUE
T0266,A0090,B024,2026-02-18 15:54:00,168559,SUCCESS,1,HIGH_VALUE
T0572,A0165,B029,2026-02-19 01:35:00,155330,SUCCESS,1,HIGH_VALUE; NIGHT_00_05
T0172,A0035,B029,2026-02-20 21:11:00,183613,SUCCESS,1,HIGH_VALUE
T0678,A0090,B063,2026-02-21 18:06:00,160697,FAILED,1,HIGH_VALUE
T0827,A7246,B286,2026-02-22 15:11:00,142298,FAILED,1,HIGH_VALUE
T0726,A0006,B599,2026-02-23 00:51:00,106285,PENDING,1,HIGH_VALUE; NIGHT_00_05
T0246,A2195,B496,2026-02-24 17:57:00,122358,PENDING,1,HIGH_VALUE
T0614,A0150,B497,2026-02-25 01:32:00,121280,FAILED,1,HIGH_VALUE; NIGHT_00_05
T0247,A0058,B392,2026-02-26 04:40:00,56459,SUCCESS,1,NIGHT_00_05
T0072,A1176,B005,2026-02-26 21:52:00,140184,PENDING,1,HIGH_VALUE
T0648,A7249,B069,2026-02-27 21:42:00,168492,SUCCESS,1,HIGH_VALUE
T0141,A7249,B600,2026-03-01 00:07:00,173057,FAILED,1,HIGH_VALUE; NIGHT_00_05
T0466,A0152,B064,2026-03-02 18:02:00,178526,SUCCESS,1,HIGH_VALUE
T0230,A0081,B039,2026-03-03 18:57:00,116977,SUCCESS,1,HIGH_VALUE
T0739,A7246,B057,2026-03-04 03:41:00,11889,FAILED,1,NIGHT_00_05
T0391,A0097,B039,2026-03-05 06:40:00,151809,FAILED,1,HIGH_VALUE
T0853,A0054,B023,2026-03-05 20:28:00,175054,SUCCESS,1,HIGH_VALUE
T0809,A0119,B064,2026-03-06 07:02:00,117785,FAILED,1,HIGH_VALUE
T0149,A0013,B393,2026-03-10 01:17:00,129694,PENDING,1,HIGH_VALUE; NIGHT_00_05
T0789,A0005,B045,2026-03-11 06:59:00,120233,FAILED,1,HIGH_VALUE
T0068,A0093,B070,2026-03-11 07:05:00,146904,SUCCESS,1,HIGH_VALUE
T0098,A0158,B076,2026-03-12 02:53:00,140965,FAILED,1,HIGH_VALUE; NIGHT_00_05
T0740,A5228,B048,2026-03-15 11:37:00,110338,FAILED,1,HIGH_VALUE
T0088,A0070,B074,2026-03-16 03:52:00,152054,SUCCESS,1,HIGH_VALUE; NIGHT_00_05
T0270,A6237,B030,2026-03-16 03:58:00,34594,PENDING,1,NIGHT_00_05
T0476,A3210,B028,2026-03-19 22:37:00,182755,FAILED,1,HIGH_VALUE
T0820,A0051,B034,2026-03-22 16:25:00,155511,FAILED,1,HIGH_VALUE
T0204,A2196,B056,2026-03-23 17:45:00,171339,PENDING,1,HIGH_VALUE
T0415,A0001,B066,2026-03-24 02:42:00,172152,SUCCESS,1,HIGH_VALUE; NIGHT_00_05
T0103,A0153,B054,2026-03-25 18:49:00,138193,FAILED,1,HIGH_VALUE
T0288,A0121,B053,2026-03-26 02:11:00,172445,FAILED,1,HIGH_VALUE; NIGHT_00_05
T0171,A1181,B391,2026-03-27 18:56:00,129201,FAILED,1,HIGH_VALUE
T0049,A0050,B007,2026-03-28 01:21:00,22625,PENDING,1,NIGHT_00_05
T0237,A0008,B043,2026-03-28 09:30:00,108378,SUCCESS,1,HIGH_VALUE
T0612,A0008,B077,2026-03-28 20:14:00,170376,PENDING,1,HIGH_VALUE
T0206,A0060,B011,2026-04-02 22:06:00,174201,SUCCESS,1,HIGH_VALUE
T0214,A0069,B044,2026-04-03 03:18:00,78927,FAILED,1,NIGHT_00_05
T0063,A0059,B016,2026-04-03 14:49:00,164723,SUCCESS,1,HIGH_VALUE
T0473,A7247,B066,2026-04-04 02:09:00,175371,SUCCESS,1,HIGH_VALUE; NIGHT_00_05
T0574,A5223,B062,2026-04-05 12:28:00,102866,SUCCESS,1,HIGH_VALUE
T0525,A0006,B182,2026-04-09 04:07:00,70669,SUCCESS,1,NIGHT_00_05
T0212,A0147,B050,2026-04-10 00:27:00,177980,FAILED,1,HIGH_VALUE; NIGHT_00_05
T0421,A0096,B016,2026-04-11 06:08:00,136349,FAILED,1,HIGH_VALUE
T0526,A0074,B040,2026-04-11 18:51:00,139415,FAILED,1,HIGH_VALUE
T0756,A0100,B020,2026-04-12 02:22:00,46136,PENDING,1,NIGHT_00_05
T0838,A0111,B012,2026-04-12 03:22:00,162376,FAILED,1,HIGH_VALUE; NIGHT_00_05
T0696,A0115,B036,2026-04-12 20:11:00,185596,PENDING,1,HIGH_VALUE
T0647,A1173,B071,2026-04-14 13:26:00,144216,FAILED,1,HIGH_VALUE
T0460,A0154,B011,2026-04-15 13:35:00,184773,PENDING,1,HIGH_VALUE
T0555,A2198,B011,2026-04-16 02:51:00,76351,FAILED,1,NIGHT_00_05
T0345,A0148,B030,2026-04-17 04:08:00,174408,SUCCESS,1,HIGH_VALUE; NIGHT_00_05
T0701,A5227,B496,2026-04-18 21:05:00,151555,SUCCESS,1,HIGH_VALUE
T0238,A0069,B042,2026-04-19 22:14:00,111562,SUCCESS,1,HIGH_VALUE
T0029,A0106,B037,2026-04-19 23:40:00,139160,FAILED,1,HIGH_VALUE
T0728,A7249,B041,2026-04-20 05:09:00,155827,FAILED,1,HIGH_VALUE
T0364,A0157,B059,2026-04-23 03:46:00,44790,FAILED,1,NIGHT_00_05
T0135,A0011,B018,2026-04-24 20:42:00,140298,FAILED,1,HIGH_VALUE
T0441,A0035,B066,2026-04-27 05:02:00,181606,PENDING,1,HIGH_VALUE
T0144,A1182,B183,2026-04-27 07:48:00,145913,SUCCESS,1,HIGH_VALUE
T0803,A0156,B053,2026-04-27 17:01:00,106708,SUCCESS,1,HIGH_VALUE
T0734,A0013,B026,2026-04-28 19:17:00,151329,SUCCESS,1,HIGH_VALUE
T0507,A0050,B055,2026-04-29 19:12:00,114516,PENDING,1,HIGH_VALUE
T0468,A0054,B007,2026-04-30 00:59:00,133222,SUCCESS,1,HIGH_VALUE; NIGHT_00_05
T0438,A0079,B044,2026-04-30 01:28:00,48977,FAILED,1,NIGHT_00_05
T0196,A0015,B497,2026-04-30 23:07:00,150666,PENDING,1,HIGH_VALUE
T0515,A0143,B018,2026-05-01 03:37:00,36091,FAILED,1,NIGHT_00_05
T0864,A0059,B078,2026-05-01 20:11:00,168776,PENDING,1,HIGH_VALUE
T0178,A5228,B005,2026-05-03 03:45:00,141056,FAILED,1,HIGH_VALUE; NIGHT_00_05
T0661,A0114,B041,2026-05-04 00:09:00,86623,SUCCESS,1,NIGHT_00_05
T0221,A0091,B288,2026-05-07 03:27:00,48954,FAILED,1,NIGHT_00_05
T0502,A3210,B072,2026-05-07 05:41:00,183985,FAILED,1,HIGH_VALUE
T0443,A0144,B289,2026-05-07 23:31:00,113970,SUCCESS,1,HIGH_VALUE
T0750,A1175,B066,2026-05-08 00:21:00,62342,PENDING,1,NIGHT_00_05
T0877,A6243,B020,2026-05-08 00:49:00,71523,SUCCESS,1,NIGHT_00_05
T0450,A0008,B014,2026-05-10 01:41:00,74662,SUCCESS,1,NIGHT_00_05
T0760,A0077,B058,2026-05-11 18:23:00,115329,SUCCESS,1,HIGH_VALUE
T0694,A0067,B050,2026-05-12 06:57:00,137394,SUCCESS,1,HIGH_VALUE
T0133,A0089,B024,2026-05-13 22:22:00,170567,FAILED,1,HIGH_VALUE
T0599,A3202,B078,2026-05-13 23:02:00,117544,FAILED,1,HIGH_VALUE
T0622,A0007,B062,2026-05-16 02:19:00,19860,SUCCESS,1,NIGHT_00_05
T0257,A0161,B031,2026-05-20 05:15:00,171554,FAILED,1,HIGH_VALUE
T0339,A0108,B288,2026-05-22 00:19:00,72265,SUCCESS,1,NIGHT_00_05
T0100,A0144,B392,2026-05-23 19:54:00,114198,FAILED,1,HIGH_VALUE
T0464,A5222,B046,2026-05-24 04:53:00,182412,SUCCESS,1,HIGH_VALUE; NIGHT_00_05
T0592,A2187,B050,2026-05-31 07:50:00,151915,FAILED,1,HIGH_VALUE
T0202,A0124,B050,2026-05-31 22:50:00,176329,SUCCESS,1,HIGH_VALUE
T0700,A0163,B040,2026-06-02 02:20:00,191995,FAILED,1,HIGH_VALUE; NIGHT_00_05
T0590,A0013,B030,2026-06-02 23:06:00,103390,SUCCESS,1,HIGH_VALUE
T0199,A0077,B029,2026-06-03 05:01:00,144139,PENDING,1,HIGH_VALUE
T0397,A0064,B599,2026-06-04 03:34:00,160417,PENDING,1,HIGH_VALUE; NIGHT_00_05
T0105,A0127,B003,2026-06-05 01:44:00,176555,SUCCESS,1,HIGH_VALUE; NIGHT_00_05
T0181,A4718,B287,2026-06-06 21:44:00,189113,SUCCESS,1,HIGH_VALUE
T0753,A0018,B046,2026-06-08 09:10:00,179090,FAILED,1,HIGH_VALUE
T0699,A0056,B022,2026-06-08 10:14:00,147009,PENDING,1,HIGH_VALUE
T0131,A0157,B183,2026-06-15 00:28:00,38664,SUCCESS,1,NIGHT_00_05
T0831,A0018,B287,2026-06-15 07:54:00,106621,SUCCESS,1,HIGH_VALUE
T0101,A0095,B181,2026-06-17 19:15:00,106895,PENDING,1,HIGH_VALUE
T0878,A2199,B182,2026-06-18 11:05:00,127199,SUCCESS,1,HIGH_VALUE
T0715,A2187,B035,2026-06-20 21:25:00,142129,FAILED,1,HIGH_VALUE
T0527,A0059,B020,2026-06-22 18:12:00,165348,PENDING,1,HIGH_VALUE
T0249,A1180,B046,2026-06-22 22:36:00,102510,FAILED,1,HIGH_VALUE
T0536,A0157,B073,2026-06-23 16:09:00,164298,PENDING,1,HIGH_VALUE
T0730,A0096,B288,2026-06-26 02:52:00,168892,FAILED,1,HIGH_VALUE; NIGHT_00_05
T0219,A0135,B497,2026-06-27 03:44:00,191984,SUCCESS,1,HIGH_VALUE; NIGHT_00_05
T0802,A7245,B040,2026-06-29 06:34:00,144792,FAILED,1,HIGH_VALUE
T0685,A0082,B078,2026-06-30 08:46:00,167152,FAILED,1,HIGH_VALUE
T0399,A1185,B030,2026-07-01 15:15:00,154059,FAILED,1,HIGH_VALUE
T0132,A0065,B036,2026-07-01 16:18:00,110418,SUCCESS,1,HIGH_VALUE
T0773,A0076,B286,2026-07-05 01:12:00,80471,FAILED,1,NIGHT_00_05
T0344,A5222,B011,2026-07-06 10:30:00,178379,PENDING,1,HIGH_VALUE
T0683,A0018,B061,2026-07-06 22:05:00,172994,FAILED,1,HIGH_VALUE
T0008,A0040,B495,2026-07-07 07:36:00,143532,SUCCESS,1,HIGH_VALUE
T0326,A0117,B010,2026-07-08 11:48:00,143783,SUCCESS,1,HIGH_VALUE
T0302,A1182,B076,2026-07-09 01:51:00,29128,FAILED,1,NIGHT_00_05
T0761,A5231,B034,2026-07-10 21:57:00,174189,PENDING,1,HIGH_VALUE
T0290,A0144,B078,2026-07-11 03:57:00,46112,SUCCESS,1,NIGHT_00_05
T0193,A0070,B390,2026-07-11 19:12:00,187131,FAILED,1,HIGH_VALUE
T0669,A0049,B039,2026-07-13 18:02:00,169098,SUCCESS,1,HIGH_VALUE
T0369,A1172,B067,2026-07-15 02:51:00,15173,FAILED,1,NIGHT_00_05
T0437,A1175,B067,2026-07-17 02:11:00,24539,FAILED,1,NIGHT_00_05
T0379,A7248,B067,2026-07-18 04:07:00,168859,PENDING,1,HIGH_VALUE; NIGHT_00_05
T0890,A0035,B022,2026-07-18 19:18:00,182293,FAILED,1,HIGH_VALUE
T0162,A0163,B026,2026-07-20 16:23:00,131201,FAILED,1,HIGH_VALUE
T0268,A0088,B054,2026-07-21 13:40:00,117620,FAILED,1,HIGH_VALUE
T0064,A5229,B040,2026-07-24 03:47:00,14251,SUCCESS,1,NIGHT_00_05
T0467,A0031,B042,2026-07-24 15:16:00,143036,PENDING,1,HIGH_VALUE
T0434,A0047,B050,2026-07-24 21:29:00,173360,SUCCESS,1,HIGH_VALUE
T0375,A0038,B007,2026-07-26 01:26:00,93197,FAILED,1,NIGHT_00_05
T0256,A0079,B048,2026-07-26 08:53:00,145440,FAILED,1,HIGH_VALUE
T0546,A0087,B042,2026-07-27 11:12:00,138443,FAILED,1,HIGH_VALUE
T0108,A0127,B184,2026-07-29 04:54:00,156217,FAILED,1,HIGH_VALUE; NIGHT_00_05
T0242,A0013,B063,2026-07-29 16:33:00,191529,PENDING,1,HIGH_VALUE
T0402,A5223,B010,2026-07-30 20:20:00,194671,PENDING,1,HIGH_VALUE
T0244,A0016,B037,2026-07-31 15:16:00,116379,PENDING,1,HIGH_VALUE
T0839,A0121,B055,2026-08-01 13:45:00,125759,SUCCESS,1,HIGH_VALUE
T0363,A0063,B064,2026-08-02 19:41:00,140529,FAILED,1,HIGH_VALUE
T0806,A0114,B068,2026-08-04 20:48:00,102199,PENDING,1,HIGH_VALUE
T0579,A0010,B068,2026-08-05 03:14:00,132746,FAILED,1,HIGH_VALUE; NIGHT_00_05
T0429,A3208,B052,2026-08-05 04:26:00,83466,SUCCESS,1,NIGHT_00_05
T0209,A0145,B061,2026-08-05 05:33:00,191426,FAILED,1,HIGH_VALUE
T0606,A0139,B018,2026-08-06 01:13:00,7484,SUCCESS,1,NIGHT_00_05
T0407,A0122,B010,2026-08-06 22:30:00,140841,FAILED,1,HIGH_VALUE
T0679,A4719,B049,2026-08-07 00:16:00,65496,SUCCESS,1,NIGHT_00_05
T0524,A0164,B494,2026-08-07 16:04:00,154243,PENDING,1,HIGH_VALUE
T0028,A0148,B078,2026-08-08 14:47:00,152272,FAILED,1,HIGH_VALUE
T0210,A0031,B062,2026-08-08 19:56:00,106052,FAILED,1,HIGH_VALUE
T0190,A0114,B032,2026-08-09 03:13:00,137426,PENDING,1,HIGH_VALUE; NIGHT_00_05
T0768,A0041,B031,2026-08-09 03:24:00,76568,PENDING,1,NIGHT_00_05
T0737,A0129,B012,2026-08-09 06:13:00,127286,PENDING,1,HIGH_VALUE
T0092,A0144,B037,2026-08-09 12:22:00,125235,PENDING,1,HIGH_VALUE
T0058,A0059,B001,2026-08-10 09:31:00,140469,PENDING,1,HIGH_VALUE
T0250,A0118,B285,2026-08-10 13:16:00,136996,FAILED,1,HIGH_VALUE
T0195,A2188,B019,2026-08-12 07:59:00,151487,FAILED,1,HIGH_VALUE
T0837,A6242,B048,2026-08-13 21:20:00,184108,PENDING,1,HIGH_VALUE
T0494,A0020,B393,2026-08-15 03:56:00,115423,SUCCESS,1,HIGH_VALUE; NIGHT_00_05
T0333,A0131,B012,2026-08-16 04:10:00,125140,PENDING,1,HIGH_VALUE; NIGHT_00_05
T0736,A0079,B018,2026-08-19 21:49:00,148494,SUCCESS,1,HIGH_VALUE
T0758,A4719,B601,2026-08-21 12:08:00,154551,FAILED,1,HIGH_VALUE
T0616,A5233,B075,2026-08-22 02:34:00,105095,FAILED,1,HIGH_VALUE; NIGHT_00_05
T0382,A0048,B004,2026-08-25 11:57:00,187907,SUCCESS,1,HIGH_VALUE
T0764,A0062,B056,2026-08-26 02:40:00,172726,SUCCESS,1,HIGH_VALUE; NIGHT_00_05
T0099,A0058,B072,2026-08-26 09:27:00,174421,FAILED,1,HIGH_VALUE
T0006,A0155,B052,2026-08-26 16:02:00,192992,FAILED,1,HIGH_VALUE
T0660,A0018,B067,2026-08-27 00:38:00,9416,FAILED,1,NIGHT_00_05
T0621,A0004,B391,2026-08-27 08:34:00,143817,PENDING,1,HIGH_VALUE
T0143,A0022,B033,2026-08-28 03:03:00,53599,PENDING,1,NIGHT_00_05
T0148,A0057,B019,2026-08-28 12:11:00,183222,SUCCESS,1,HIGH_VALUE
T0682,A0124,B045,2026-08-29 23:21:00,172085,PENDING,1,HIGH_VALUE
T0819,A0092,B031,2026-09-01 10:13:00,190981,FAILED,1,HIGH_VALUE
T0278,A0034,B037,2026-09-01 13:50:00,119782,FAILED,1,HIGH_VALUE
T0713,A0054,B077,2026-09-03 00:35:00,113285,SUCCESS,1,HIGH_VALUE; NIGHT_00_05
T0334,A5224,B289,2026-09-03 16:05:00,159196,PENDING,1,HIGH_VALUE
T0167,A0043,B390,2026-09-10 11:08:00,151890,PENDING,1,HIGH_VALUE
T0435,A0106,B078,2026-09-11 13:26:00,185909,FAILED,1,HIGH_VALUE
T0630,A2186,B184,2026-09-12 11:16:00,106520,PENDING,1,HIGH_VALUE
T0053,A0050,B392,2026-09-12 12:42:00,170344,SUCCESS,1,HIGH_VALUE
T0575,A0065,B027,2026-09-12 13:32:00,130844,FAILED,1,HIGH_VALUE
T0003,A0094,B046,2026-09-14 02:33:00,41138,SUCCESS,1,NIGHT_00_05
T0742,A0119,B032,2026-09-15 14:17:00,164969,FAILED,1,HIGH_VALUE
T0184,A0051,B066,2026-09-15 16:46:00,190644,FAILED,1,HIGH_VALUE
T0419,A5228,B019,2026-09-16 09:13:00,171768,PENDING,1,HIGH_VALUE
T0032,A3203,B070,2026-09-16 10:29:00,109015,FAILED,1,HIGH_VALUE
T0200,A0073,B013,2026-09-17 22:19:00,120439,FAILED,1,HIGH_VALUE
T0080,A0053,B068,2026-09-18 10:04:00,155342,SUCCESS,1,HIGH_VALUE
T0227,A0049,B287,2026-09-18 18:06:00,189925,SUCCESS,1,HIGH_VALUE
T0189,A0024,B033,2026-09-20 20:58:00,164188,FAILED,1,HIGH_VALUE
T0588,A0011,B054,2026-09-23 00:40:00,80419,FAILED,1,NIGHT_00_05
T0720,A0006,B045,2026-09-25 11:03:00,115672,PENDING,1,HIGH_VALUE
T0649,A0106,B077,2026-09-25 11:29:00,165928,FAILED,1,HIGH_VALUE
T0707,A0032,B064,2026-09-25 20:36:00,170912,FAILED,1,HIGH_VALUE
T0109,A0109,B043,2026-09-26 00:01:00,146915,FAILED,1,HIGH_VALUE; NIGHT_00_05
T0863,A7249,B018,2026-09-26 03:10:00,124296,SUCCESS,1,HIGH_VALUE; NIGHT_00_05
T0533,A4718,B010,2026-09-26 18:57:00,154016,PENDING,1,HIGH_VALUE
T0747,A0134,B392,2026-09-28 19:22:00,169595,FAILED,1,HIGH_VALUE
T0714,A0049,B041,2026-09-29 05:12:00,107296,PENDING,1,HIGH_VALUE
T9016,A0109,B061,2026-09-30 00:31:00,55083,PENDING,1,NIGHT_00_05
T9120,A3210,B050,2026-09-30 01:19:00,181181,PENDING,1,HIGH_VALUE; NIGHT_00_05
T0866,A2193,B062,2026-09-30 01:22:00,93524,PENDING,1,NIGHT_00_05
T9159,A0115,B044,2026-09-30 01:41:00,173779,PENDING,1,HIGH_VALUE; NIGHT_00_05
T9078,A0069,B045,2026-09-30 02:08:00,36441,FAILED,1,NIGHT_00_05
T9045,A4718,B018,2026-09-30 02:24:00,171126,SUCCESS,1,HIGH_VALUE; NIGHT_00_05
T9001,A0078,B031,2026-09-30 02:36:00,153737,SUCCESS,1,HIGH_VALUE; NIGHT_00_05
T9047,A5226,B013,2026-09-30 02:51:00,189600,FAILED,1,HIGH_VALUE; NIGHT_00_05
T9156,A0143,B599,2026-09-30 03:09:00,107090,FAILED,1,HIGH_VALUE; NIGHT_00_05
T9062,A0150,B009,2026-09-30 03:27:00,24986,FAILED,1,NIGHT_00_05
T9009,A0052,B031,2026-09-30 03:48:00,54956,FAILED,1,NIGHT_00_05
T9057,A0045,B064,2026-09-30 06:27:00,118821,FAILED,1,HIGH_VALUE
T9031,A0070,B039,2026-09-30 09:00:00,141022,SUCCESS,1,HIGH_VALUE
T9021,A0125,B392,2026-09-30 09:37:00,172060,SUCCESS,1,HIGH_VALUE
T9118,A0145,B074,2026-09-30 09:38:00,108115,FAILED,1,HIGH_VALUE
T9174,A0032,B075,2026-09-30 11:20:00,189939,PENDING,1,HIGH_VALUE
T9136,A0009,B064,2026-09-30 11:39:00,168183,SUCCESS,1,HIGH_VALUE
T9073,A0060,B045,2026-09-30 12:15:00,186853,SUCCESS,1,HIGH_VALUE
T9096,A0090,B074,2026-09-30 13:08:00,124731,SUCCESS,1,HIGH_VALUE
T9124,A6240,B028,2026-09-30 14:30:00,167236,SUCCESS,1,HIGH_VALUE
T9027,A7250,B496,2026-09-30 14:37:00,142792,FAILED,1,HIGH_VALUE
T9067,A0102,B032,2026-09-30 15:30:00,120006,FAILED,1,HIGH_VALUE
T9163,A0039,B045,2026-09-30 15:53:00,154934,SUCCESS,1,HIGH_VALUE
T9024,A7244,B003,2026-09-30 16:35:00,172257,PENDING,1,HIGH_VALUE
T9049,A0039,B288,2026-09-30 17:36:00,183185,SUCCESS,1,HIGH_VALUE
T9064,A7246,B021,2026-09-30 18:41:00,156021,FAILED,1,HIGH_VALUE
T9117,A0018,B028,2026-09-30 20:51:00,179992,SUCCESS,1,HIGH_VALUE
T9145,A3208,B067,2026-09-30 21:08:00,108403,FAILED,1,HIGH_VALUE
T9179,A0014,B060,2026-09-30 21:16:00,182489,SUCCESS,1,HIGH_VALUE
T9150,A0066,B598,2026-09-30 23:14:00,132764,PENDING,1,HIGH_VALUE
T9131,A0110,B049,2026-09-30 23:33:00,100442,SUCCESS,1,HIGH_VALUE
T9018,A0090,B062,2026-10-01 00:13:00,104154,PENDING,1,HIGH_VALUE; NIGHT_00_05
T9158,A0107,B012,2026-10-01 00:33:00,51238,FAILED,1,NIGHT_00_05
T9007,A0081,B053,2026-10-01 00:43:00,86074,PENDING,1,NIGHT_00_05
T9133,A1175,B390,2026-10-01 01:16:00,120537,FAILED,1,HIGH_VALUE; NIGHT_00_05
T9116,A0147,B058,2026-10-01 01:20:00,42765,PENDING,1,NIGHT_00_05
T9178,A3203,B065,2026-10-01 01:31:00,106646,SUCCESS,1,HIGH_VALUE; NIGHT_00_05
T9171,A0140,B052,2026-10-01 01:36:00,165239,SUCCESS,1,HIGH_VALUE; NIGHT_00_05
T9048,A0020,B023,2026-10-01 02:55:00,36691,SUCCESS,1,NIGHT_00_05
T9052,A6237,B021,2026-10-01 03:01:00,80932,PENDING,1,NIGHT_00_05
T9070,A0153,B042,2026-10-01 04:10:00,74306,FAILED,1,NIGHT_00_05
T9154,A5222,B027,2026-10-01 04:30:00,51144,FAILED,1,NIGHT_00_05
T9137,A0073,B057,2026-10-01 05:50:00,147560,SUCCESS,1,HIGH_VALUE
T9008,A0021,B184,2026-10-01 07:13:00,194535,FAILED,1,HIGH_VALUE
T9003,A4718,B600,2026-10-01 08:24:00,192183,SUCCESS,1,HIGH_VALUE
T9013,A0163,B005,2026-10-01 08:59:00,103734,FAILED,1,HIGH_VALUE
T9004,A2200,B027,2026-10-01 09:15:00,116056,SUCCESS,1,HIGH_VALUE
T9109,A0081,B494,2026-10-01 11:26:00,159230,PENDING,1,HIGH_VALUE
T9028,A3208,B033,2026-10-01 11:42:00,105853,FAILED,1,HIGH_VALUE
T9162,A0115,B069,2026-10-01 12:22:00,112060,SUCCESS,1,HIGH_VALUE
T9044,A0039,B020,2026-10-01 12:45:00,188704,PENDING,1,HIGH_VALUE
T9030,A0126,B288,2026-10-01 13:34:00,157656,SUCCESS,1,HIGH_VALUE
T9005,A0104,B023,2026-10-01 15:34:00,108648,FAILED,1,HIGH_VALUE
T9167,A0110,B287,2026-10-01 16:01:00,160620,FAILED,1,HIGH_VALUE
T9033,A0017,B018,2026-10-01 17:02:00,157470,SUCCESS,1,HIGH_VALUE
T9155,A1172,B181,2026-10-01 17:05:00,176587,PENDING,1,HIGH_VALUE
T9088,A0127,B289,2026-10-01 17:57:00,129723,PENDING,1,HIGH_VALUE
T9134,A0133,B040,2026-10-01 18:34:00,160746,PENDING,1,HIGH_VALUE
T9081,A6237,B015,2026-10-01 20:10:00,121057,FAILED,1,HIGH_VALUE
T9011,A0059,B022,2026-10-01 20:42:00,124639,PENDING,1,HIGH_VALUE
T9069,A3209,B026,2026-10-01 21:37:00,153215,PENDING,1,HIGH_VALUE
T9128,A1177,B070,2026-10-01 21:40:00,163970,SUCCESS,1,HIGH_VALUE
T9148,A0100,B077,2026-10-01 22:14:00,181813,PENDING,1,HIGH_VALUE
T9135,A5228,B021,2026-10-01 22:59:00,117948,FAILED,1,HIGH_VALUE
T9121,A1179,B050,2026-10-01 23:13:00,158771,SUCCESS,1,HIGH_VALUE
T9173,A5227,B052,2026-10-01 23:13:00,104069,FAILED,1,HIGH_VALUE
T9147,A0069,B045,2026-10-01 23:37:00,108400,SUCCESS,1,HIGH_VALUE
