entity,batch_id,source_file,source_row,rule_id,error_code,error_detail,raw_payload
branches,day1-baseline,branches.csv,26,BR-CONFLICT,CONFLICTING_DUPLICATE,same business key with different non-null values,"{""branch_id"": ""B051"", ""branch_name"": ""Branch_51"", ""location"": ""Bangalore"", ""manager_name"": ""Manager_51"", ""opened_date"": ""2016-07-21"", ""region"": ""West"", ""branch_type"": ""Rural"", ""contact_number"": ""+91-8856855744""}"
branches,day1-baseline,branches.csv,27,BR-CONFLICT,CONFLICTING_DUPLICATE,same business key with different non-null values,"{""branch_id"": ""B002"", ""branch_name"": ""Branch_2"", ""location"": ""Delhi"", ""manager_name"": ""Manager_2"", ""opened_date"": ""2022-09-01"", ""region"": ""West"", ""branch_type"": ""Urban"", ""contact_number"": ""+91-8386379402""}"
branches,day1-baseline,branches.csv,39,BR-CONFLICT,CONFLICTING_DUPLICATE,same business key with different non-null values,"{""branch_id"": ""B002"", ""branch_name"": ""Branch_2"", ""location"": ""Delhi"", ""manager_name"": ""Manager_2 "", ""opened_date"": ""2022-09-01"", ""region"": ""West"", ""branch_type"": ""Urban"", ""contact_number"": ""1200471138""}"
branches,day1-baseline,branches.csv,83,BR-CONFLICT,CONFLICTING_DUPLICATE,same business key with different non-null values,"{""branch_id"": ""B051"", ""branch_name"": ""Branch_51"", ""location"": ""Bangalore"", ""manager_name"": ""Manager_51 "", ""opened_date"": ""2016-07-21"", ""region"": ""West"", ""branch_type"": ""Rural"", ""contact_number"": ""+91 70985 93174""}"
products,day1-baseline,products_json.txt,73,PR-CONFLICT,CONFLICTING_DUPLICATE,same business key with different non-null values,"{""product_id"": ""P002"", ""product_name"": ""Product_2"", ""product_type"": ""Fixed Deposit"", ""price"": 31593, ""launch_date"": ""2018-09-23"", ""is_active"": true, ""category"": ""Corporate"", ""vendor_name"": ""Vendor_2""}"
products,day1-baseline,products_json.txt,79,PR-CONFLICT,CONFLICTING_DUPLICATE,same business key with different non-null values,"{""product_id"": ""P089"", ""product_name"": ""Product_89"", ""product_type"": ""Loan"", ""price"": 2345, ""launch_date"": ""2014-10-15"", ""is_active"": false, ""category"": ""SME"", ""vendor_name"": ""Vendor_89""}"
products,day1-baseline,products_json.txt,87,PR-CONFLICT,CONFLICTING_DUPLICATE,same business key with different non-null values,"{""product_id"": ""P063"", ""product_name"": ""Product_63"", ""product_type"": ""Credit Card"", ""price"": 24181, ""launch_date"": ""2018-02-15"", ""is_active"": false, ""category"": ""SME"", ""vendor_name"": ""Vendor_63""}"
products,day1-baseline,products_json.txt,103,PR-CONFLICT,CONFLICTING_DUPLICATE,same business key with different non-null values,"{""product_id"": ""P002"", ""product_name"": ""Product_2"", ""product_type"": ""Fixed Deposit"", ""price"": 32062, ""launch_date"": ""2018-09-23"", ""is_active"": true, ""category"": ""Corporate"", ""vendor_name"": ""Vendor_2""}"
products,day1-baseline,products_json.txt,108,PR-CONFLICT,CONFLICTING_DUPLICATE,same business key with different non-null values,"{""product_id"": ""P089"", ""product_name"": ""Product_89"", ""product_type"": ""Loan"", ""price"": 2072, ""launch_date"": ""2014-10-15"", ""is_active"": false, ""category"": ""SME"", ""vendor_name"": ""Vendor_89""}"
products,day1-baseline,products_json.txt,112,PR-CONFLICT,CONFLICTING_DUPLICATE,same business key with different non-null values,"{""product_id"": ""P063"", ""product_name"": ""Product_63"", ""product_type"": ""Credit Card"", ""price"": 24169, ""launch_date"": ""2018-02-15"", ""is_active"": false, ""category"": ""SME"", ""vendor_name"": ""Vendor_63""}"
transactions,day1-baseline,transactions.csv,37,TX-CONFLICT,CONFLICTING_DUPLICATE,same business key with different non-null values,"{""transaction_id"": ""T0295"", ""account_id"": ""A0040"", ""product_id"": ""P075"", ""branch_id"": ""B287"", ""date"": ""2025-10-29"", ""timestamp"": ""2025-10-29 18:57:00"", ""amount"": ""36602"", ""payment_method"": ""Cash"", ""status"": ""Pending"", ""currency"": ""INR"", ""remarks"": ""Bill Payment"", ""is_refund"": """"}"
transactions,day1-baseline,transactions.csv,67,TX-CONFLICT,CONFLICTING_DUPLICATE,same business key with different non-null values,"{""transaction_id"": ""T0646"", ""account_id"": ""A0160"", ""product_id"": ""P056"", ""branch_id"": ""B982"", ""date"": ""2026-01-06"", ""timestamp"": ""2025-08-14 22:05:00"", ""amount"": ""119367"", ""payment_method"": ""UPI"", ""status"": ""Pending"", ""currency"": ""INR"", ""remarks"": ""EMI Payment"", ""is_refund"": ""0""}"
transactions,day1-baseline,transactions.csv,88,TX-CONFLICT,CONFLICTING_DUPLICATE,same business key with different non-null values,"{""transaction_id"": ""T0516"", ""account_id"": ""A0027"", ""product_id"": ""P016"", ""branch_id"": ""B033"", ""date"": ""22/08/2026"", ""timestamp"": ""2026-08-22 04:17:00"", ""amount"": ""89613"", ""payment_method"": ""UPI"", ""status"": ""Success"", ""currency"": ""INR"", ""remarks"": ""Fund Transfer"", ""is_refund"": """"}"
transactions,day1-baseline,transactions.csv,136,TX-CONFLICT,CONFLICTING_DUPLICATE,same business key with different non-null values,"{""transaction_id"": ""T0087"", ""account_id"": ""A0097"", ""product_id"": ""P042"", ""branch_id"": ""B039"", ""date"": ""2025-11-07"", ""timestamp"": ""2025-12-02 21:00:00"", ""amount"": ""25797"", ""payment_method"": ""UPI"", ""status"": ""SUCCESS"", ""currency"": ""INR"", ""remarks"": ""Salary Credit"", ""is_refund"": ""0""}"
transactions,day1-baseline,transactions.csv,145,TX-CONFLICT,CONFLICTING_DUPLICATE,same business key with different non-null values,"{""transaction_id"": ""T0305"", ""account_id"": ""A0123"", ""product_id"": ""P055"", ""branch_id"": ""B048"", ""date"": ""2025-07-26"", ""timestamp"": ""2026-06-01 01:11:00"", ""amount"": ""108404"", ""payment_method"": ""UPI"", ""status"": ""Failed"", ""currency"": ""INR"", ""remarks"": ""EMI Payment"", ""is_refund"": ""N""}"
transactions,day1-baseline,transactions.csv,162,TX-CONFLICT,CONFLICTING_DUPLICATE,same business key with different non-null values,"{""transaction_id"": ""T0321"", ""account_id"": ""A0163"", ""product_id"": ""P095"", ""branch_id"": ""B183"", ""date"": ""2026-01-27"", ""timestamp"": ""2026-01-27 14:27:00"", ""amount"": ""105011"", ""payment_method"": ""Cash"", ""status"": ""Pending"", ""currency"": ""INR"", ""remarks"": ""Salary Credit"", ""is_refund"": ""False""}"
transactions,day1-baseline,transactions.csv,187,TX-CONFLICT,CONFLICTING_DUPLICATE,same business key with different non-null values,"{""transaction_id"": ""T0646"", ""account_id"": ""A0160"", ""product_id"": ""P056"", ""branch_id"": ""B982"", ""date"": ""2026-01-06"", ""timestamp"": ""2025-08-14 22:05:00"", ""amount"": ""185070"", ""payment_method"": ""UPI"", ""status"": ""Failed"", ""currency"": ""INR"", ""remarks"": ""EMI Payment"", ""is_refund"": ""0""}"
transactions,day1-baseline,transactions.csv,190,TX-CONFLICT,CONFLICTING_DUPLICATE,same business key with different non-null values,"{""transaction_id"": ""T0816"", ""account_id"": ""A0004"", ""product_id"": ""P055"", ""branch_id"": ""B937"", ""date"": ""2026-02-08"", ""timestamp"": ""2026-02-08 11:49:00"", ""amount"": ""114356"", ""payment_method"": ""Cash"", ""status"": ""Pending"", ""currency"": ""INR"", ""remarks"": ""EMI Payment"", ""is_refund"": ""0""}"
transactions,day1-baseline,transactions.csv,204,TX-CONFLICT,CONFLICTING_DUPLICATE,same business key with different non-null values,"{""transaction_id"": ""T0174"", ""account_id"": ""A9256"", ""product_id"": ""P004"", ""branch_id"": ""B051"", ""date"": ""2025-12-15"", ""timestamp"": ""2025-12-15 14:31:00"", ""amount"": ""35175"", ""payment_method"": ""Cheque"", ""status"": ""Pending"", ""currency"": ""INR"", ""remarks"": ""Bill Payment"", ""is_refund"": ""True""}"
transactions,day1-baseline,transactions.csv,222,TX-CONFLICT,CONFLICTING_DUPLICATE,same business key with different non-null values,"{""transaction_id"": ""T0295"", ""account_id"": ""A0040"", ""product_id"": ""P075"", ""branch_id"": ""B287"", ""date"": ""2025-10-29"", ""timestamp"": ""2025-10-29 18:57:00"", ""amount"": ""160408"", ""payment_method"": ""Cash"", ""status"": ""Pending"", ""currency"": ""INR"", ""remarks"": ""Bill Payment"", ""is_refund"": """"}"
transactions,day1-baseline,transactions.csv,235,TX-CONFLICT,CONFLICTING_DUPLICATE,same business key with different non-null values,"{""transaction_id"": ""T0321"", ""account_id"": ""A0163"", ""product_id"": ""P095"", ""branch_id"": ""B183"", ""date"": ""2026-01-27"", ""timestamp"": ""2026-01-27 14:27:00"", ""amount"": ""191321"", ""payment_method"": ""Cash"", ""status"": ""Success"", ""currency"": ""INR"", ""remarks"": ""Salary Credit"", ""is_refund"": ""False""}"
transactions,day1-baseline,transactions.csv,239,TX-CONFLICT,CONFLICTING_DUPLICATE,same business key with different non-null values,"{""transaction_id"": ""T0087"", ""account_id"": ""A0097"", ""product_id"": ""P042"", ""branch_id"": ""B039"", ""date"": ""2025-11-07"", ""timestamp"": ""2025-12-02 21:00:00"", ""amount"": ""149705"", ""payment_method"": ""UPI"", ""status"": ""Success"", ""currency"": ""INR"", ""remarks"": ""Salary Credit"", ""is_refund"": ""0""}"
transactions,day1-baseline,transactions.csv,261,TX-CONFLICT,CONFLICTING_DUPLICATE,same business key with different non-null values,"{""transaction_id"": ""T0039"", ""account_id"": ""A0075"", ""product_id"": ""P072"", ""branch_id"": ""B495"", ""date"": ""2026-03-03"", ""timestamp"": ""2026-03-03 05:18:00"", ""amount"": ""91887"", ""payment_method"": ""UPI"", ""status"": ""Success"", ""currency"": ""INR"", ""remarks"": ""Online Purchase"", ""is_refund"": ""0""}"
transactions,day1-baseline,transactions.csv,269,TX-CONFLICT,CONFLICTING_DUPLICATE,same business key with different non-null values,"{""transaction_id"": ""T0516"", ""account_id"": ""A0027"", ""product_id"": ""P016"", ""branch_id"": ""B033"", ""date"": ""22/08/2026"", ""timestamp"": ""2026-08-22 04:17:00"", ""amount"": ""177551"", ""payment_method"": ""UPI"", ""status"": ""Failed"", ""currency"": ""INR"", ""remarks"": ""Fund Transfer"", ""is_refund"": """"}"
transactions,day1-baseline,transactions.csv,303,TX-CONFLICT,CONFLICTING_DUPLICATE,same business key with different non-null values,"{""transaction_id"": ""T0305"", ""account_id"": ""A0123"", ""product_id"": ""P055"", ""branch_id"": ""B048"", ""date"": ""2025-07-26"", ""timestamp"": ""2026-06-01 01:11:00"", ""amount"": ""179922"", ""payment_method"": ""UPI"", ""status"": ""Success"", ""currency"": ""INR"", ""remarks"": ""EMI Payment"", ""is_refund"": ""N""}"
transactions,day1-baseline,transactions.csv,307,TX-CONFLICT,CONFLICTING_DUPLICATE,same business key with different non-null values,"{""transaction_id"": ""T0811"", ""account_id"": ""A0115"", ""product_id"": ""P066"", ""branch_id"": ""B047"", ""date"": ""12/02/2026"", ""timestamp"": ""2026-02-12 11:04:00"", ""amount"": ""115038"", ""payment_method"": ""Card"", ""status"": ""Succes"", ""currency"": ""INR"", ""remarks"": ""EMI Payment"", ""is_refund"": ""0""}"
transactions,day1-baseline,transactions.csv,313,TX-CONFLICT,CONFLICTING_DUPLICATE,same business key with different non-null values,"{""transaction_id"": ""T0174"", ""account_id"": ""A9256"", ""product_id"": ""P004"", ""branch_id"": ""B051"", ""date"": ""2025-12-15"", ""timestamp"": ""2025-12-15 14:31:00"", ""amount"": ""121,441"", ""payment_method"": ""Cheque"", ""status"": ""Success"", ""currency"": ""INR"", ""remarks"": ""Bill Payment"", ""is_refund"": ""True""}"
transactions,day1-baseline,transactions.csv,359,TX-CONFLICT,CONFLICTING_DUPLICATE,same business key with different non-null values,"{""transaction_id"": ""T0816"", ""account_id"": ""A0004"", ""product_id"": ""P055"", ""branch_id"": ""B937"", ""date"": ""2026-02-08"", ""timestamp"": ""2026-02-08 11:49:00"", ""amount"": ""73948"", ""payment_method"": ""Cash"", ""status"": ""Success"", ""currency"": ""INR"", ""remarks"": ""EMI Payment"", ""is_refund"": ""0""}"
transactions,day1-baseline,transactions.csv,431,TX-CONFLICT,CONFLICTING_DUPLICATE,same business key with different non-null values,"{""transaction_id"": ""T0485"", ""account_id"": ""A0125"", ""product_id"": ""P094"", ""branch_id"": ""B026"", ""date"": ""2025-08-03"", ""timestamp"": ""2025-08-03 00:24:00"", ""amount"": ""150356"", ""payment_method"": ""Cash"", ""status"": ""Pending"", ""currency"": ""INR"", ""remarks"": ""EMI Payment"", ""is_refund"": ""False""}"
transactions,day1-baseline,transactions.csv,442,TX-CONFLICT,CONFLICTING_DUPLICATE,same business key with different non-null values,"{""transaction_id"": ""T0746"", ""account_id"": ""A0101"", ""product_id"": ""P075"", ""branch_id"": ""B288"", ""date"": ""2025-10-30"", ""timestamp"": ""2025-10-30 23:30:00"", ""amount"": ""113143"", ""payment_method"": ""Card"", ""status"": ""Success"", ""currency"": ""INR"", ""remarks"": ""Bill Payment"", ""is_refund"": ""0""}"
transactions,day1-baseline,transactions.csv,445,TX-CONFLICT,CONFLICTING_DUPLICATE,same business key with different non-null values,"{""transaction_id"": ""T0485"", ""account_id"": ""A0125"", ""product_id"": ""P094"", ""branch_id"": ""B026"", ""date"": ""2025-08-03"", ""timestamp"": ""2025-08-03 00:24:00"", ""amount"": ""133762"", ""payment_method"": ""Cash"", ""status"": ""Failed"", ""currency"": ""INR"", ""remarks"": ""EMI Payment"", ""is_refund"": ""False""}"
transactions,day1-baseline,transactions.csv,502,TX-CONFLICT,CONFLICTING_DUPLICATE,same business key with different non-null values,"{""transaction_id"": ""T0746"", ""account_id"": ""A0101"", ""product_id"": ""P075"", ""branch_id"": ""B288"", ""date"": ""2025-10-30"", ""timestamp"": ""2025-10-30 23:30:00"", ""amount"": ""69158"", ""payment_method"": ""Card"", ""status"": ""pending"", ""currency"": ""INR"", ""remarks"": ""Bill Payment"", ""is_refund"": ""0""}"
transactions,day1-baseline,transactions.csv,561,TX-CONFLICT,CONFLICTING_DUPLICATE,same business key with different non-null values,"{""transaction_id"": ""T0656"", ""account_id"": ""A0161"", ""product_id"": ""P008"", ""branch_id"": ""B059"", ""date"": ""2026-08-20"", ""timestamp"": ""2026-08-20 18:33:00"", ""amount"": ""106625"", ""payment_method"": ""UPI"", ""status"": ""Success"", ""currency"": ""INR"", ""remarks"": ""Fund Transfer"", ""is_refund"": ""0""}"
transactions,day1-baseline,transactions.csv,586,TX-CONFLICT,CONFLICTING_DUPLICATE,same business key with different non-null values,"{""transaction_id"": ""T0656"", ""account_id"": ""A0161"", ""product_id"": ""P008"", ""branch_id"": ""B059"", ""date"": ""2026-08-20"", ""timestamp"": ""2026-08-20 18:33:00"", ""amount"": ""123268"", ""payment_method"": ""UPI"", ""status"": ""Pending"", ""currency"": ""INR"", ""remarks"": ""Fund Transfer"", ""is_refund"": ""0""}"
transactions,day1-baseline,transactions.csv,634,TX-CONFLICT,CONFLICTING_DUPLICATE,same business key with different non-null values,"{""transaction_id"": ""T0139"", ""account_id"": ""A0032"", ""product_id"": ""P078"", ""branch_id"": ""B073"", ""date"": ""2026-01-30"", ""timestamp"": ""2026-01-30 09:36:00"", ""amount"": ""119087"", ""payment_method"": ""Card"", ""status"": ""Pending"", ""currency"": ""INR"", ""remarks"": ""ATM Withdrawal"", ""is_refund"": ""0""}"
transactions,day1-baseline,transactions.csv,735,TX-CONFLICT,CONFLICTING_DUPLICATE,same business key with different non-null values,"{""transaction_id"": ""T0312"", ""account_id"": ""A0045"", ""product_id"": ""P058"", ""branch_id"": ""B024"", ""date"": ""2026-08-27"", ""timestamp"": ""2026-08-27 18:38:00"", ""amount"": ""96660"", ""payment_method"": ""NetBanking"", ""status"": ""Failed"", ""currency"": ""INR"", ""remarks"": ""Online Purchase"", ""is_refund"": ""0""}"
transactions,day1-baseline,transactions.csv,756,TX-CONFLICT,CONFLICTING_DUPLICATE,same business key with different non-null values,"{""transaction_id"": ""T0811"", ""account_id"": ""A0115"", ""product_id"": ""P066"", ""branch_id"": ""B047"", ""date"": ""12/02/2026"", ""timestamp"": ""2026-02-12 11:04:00"", ""amount"": ""94040"", ""payment_method"": ""Card"", ""status"": ""Failed"", ""currency"": ""INR"", ""remarks"": ""EMI Payment"", ""is_refund"": ""0""}"
transactions,day1-baseline,transactions.csv,774,TX-CONFLICT,CONFLICTING_DUPLICATE,same business key with different non-null values,"{""transaction_id"": ""T0639"", ""account_id"": ""A0069"", ""product_id"": ""P065"", ""branch_id"": ""B046"", ""date"": ""2026-01-01"", ""timestamp"": ""2026-02-04 01:52:00"", ""amount"": ""139891"", ""payment_method"": ""Card"", ""status"": ""Failed"", ""currency"": ""INR"", ""remarks"": ""Fund Transfer"", ""is_refund"": ""False""}"
transactions,day1-baseline,transactions.csv,839,TX-CONFLICT,CONFLICTING_DUPLICATE,same business key with different non-null values,"{""transaction_id"": ""T0312"", ""account_id"": ""A0045"", ""product_id"": ""P058"", ""branch_id"": ""B024"", ""date"": ""2026-08-27"", ""timestamp"": ""2026-08-27 18:38:00"", ""amount"": ""162145"", ""payment_method"": ""NetBanking"", ""status"": ""Failed"", ""currency"": ""INR"", ""remarks"": ""Online Purchase"", ""is_refund"": ""0""}"
transactions,day1-baseline,transactions.csv,847,TX-CONFLICT,CONFLICTING_DUPLICATE,same business key with different non-null values,"{""transaction_id"": ""T0639"", ""account_id"": ""A0069"", ""product_id"": ""P065"", ""branch_id"": ""B046"", ""date"": ""2026-01-01"", ""timestamp"": ""2026-02-04 01:52:00"", ""amount"": ""71344"", ""payment_method"": ""Card"", ""status"": ""Success"", ""currency"": ""INR"", ""remarks"": ""Fund Transfer"", ""is_refund"": ""False""}"
transactions,day1-baseline,transactions.csv,864,TX-CONFLICT,CONFLICTING_DUPLICATE,same business key with different non-null values,"{""transaction_id"": ""T0139"", ""account_id"": ""A0032"", ""product_id"": ""P078"", ""branch_id"": ""B073"", ""date"": ""2026-01-30"", ""timestamp"": ""2026-01-30 09:36:00"", ""amount"": ""44279"", ""payment_method"": ""Card"", ""status"": ""Pending"", ""currency"": ""INR"", ""remarks"": ""ATM Withdrawal"", ""is_refund"": ""0""}"
transactions,day1-baseline,transactions.csv,902,TX-CONFLICT,CONFLICTING_DUPLICATE,same business key with different non-null values,"{""transaction_id"": ""T0039"", ""account_id"": ""A0075"", ""product_id"": ""P072"", ""branch_id"": ""B495"", ""date"": ""2026-03-03"", ""timestamp"": ""2026-03-03 05:18:00"", ""amount"": ""64754"", ""payment_method"": ""UPI"", ""status"": ""Failed"", ""currency"": ""INR"", ""remarks"": ""Online Purchase"", ""is_refund"": ""0""}"
transactions,day2-incremental,transactions_2.csv,8,TX-CONFLICT,CONFLICTING_DUPLICATE,same business key with different non-null values,"{""transaction_id"": ""T9125"", ""account_id"": ""A5225"", ""product_id"": ""P052"", ""branch_id"": ""B001"", ""date"": ""01/10/2026"", ""timestamp"": ""2026-10-01 22:58:00"", ""amount"": ""47753"", ""payment_method"": ""Card"", ""status"": ""Success"", ""currency"": ""INR"", ""remarks"": ""ATM Withdrawal"", ""is_refund"": ""False""}"
transactions,day2-incremental,transactions_2.csv,20,TX-CONFLICT,CONFLICTING_DUPLICATE,same business key with different non-null values,"{""transaction_id"": ""T9093"", ""account_id"": ""A0072"", ""product_id"": ""P611"", ""branch_id"": ""B078"", ""date"": ""2026-10-01"", ""timestamp"": ""2026-09-30 17:06:00"", ""amount"": ""82197"", ""payment_method"": ""Card"", ""status"": ""Pending"", ""currency"": ""INR"", ""remarks"": ""EMI Payment"", ""is_refund"": ""N""}"
transactions,day2-incremental,transactions_2.csv,43,TX-CONFLICT,CONFLICTING_DUPLICATE,same business key with different non-null values,"{""transaction_id"": ""T9129"", ""account_id"": ""A0091"", ""product_id"": ""P057"", ""branch_id"": ""B052"", ""date"": ""2026-09-30"", ""timestamp"": ""2026-10-01 22:24:00"", ""amount"": ""113951"", ""payment_method"": ""UPI"", ""status"": ""Failed"", ""currency"": ""INR"", ""remarks"": ""Bill Payment"", ""is_refund"": ""False""}"
transactions,day2-incremental,transactions_2.csv,48,TX-CONFLICT,CONFLICTING_DUPLICATE,same business key with different non-null values,"{""transaction_id"": ""T9125"", ""account_id"": ""A5225"", ""product_id"": ""P052"", ""branch_id"": ""B001"", ""date"": ""01/10/2026"", ""timestamp"": ""2026-10-01 22:58:00"", ""amount"": ""26116"", ""payment_method"": ""Card"", ""status"": ""Failed"", ""currency"": ""INR"", ""remarks"": ""ATM Withdrawal"", ""is_refund"": ""False""}"
transactions,day2-incremental,transactions_2.csv,90,TX-CONFLICT,CONFLICTING_DUPLICATE,same business key with different non-null values,"{""transaction_id"": ""T9093"", ""account_id"": ""A0072"", ""product_id"": ""P611"", ""branch_id"": ""B078"", ""date"": ""2026-10-01"", ""timestamp"": ""2026-09-30 17:06:00"", ""amount"": ""107660"", ""payment_method"": ""Card"", ""status"": ""Pending"", ""currency"": ""INR"", ""remarks"": ""EMI Payment"", ""is_refund"": ""N""}"
transactions,day2-incremental,transactions_2.csv,105,TX-CONFLICT,CONFLICTING_DUPLICATE,same business key with different non-null values,"{""transaction_id"": ""T9129"", ""account_id"": ""A0091"", ""product_id"": ""P057"", ""branch_id"": ""B052"", ""date"": ""2026-09-30"", ""timestamp"": ""2026-10-01 22:24:00"", ""amount"": ""12115"", ""payment_method"": ""UPI"", ""status"": ""Success"", ""currency"": ""INR"", ""remarks"": ""Bill Payment"", ""is_refund"": ""False""}"
