batch_id,entity,error_code,rows
day1-baseline,branches,CONFLICTING_DUPLICATE,4
day1-baseline,branches,DUPLICATE_RECORD,1
day1-baseline,customers,ACCOUNT_CONFLICT,1
day1-baseline,customers,DUPLICATE_RECORD,6
day1-baseline,customers,INVALID_DOB,6
day1-baseline,customers,MALFORMED_STRUCTURE,4
day1-baseline,products,CONFLICTING_DUPLICATE,6
day1-baseline,products,NEGATIVE_PRICE,3
day1-baseline,transactions,AMOUNT_BLANK,22
day1-baseline,transactions,AMOUNT_NEGATIVE,16
day1-baseline,transactions,AMOUNT_ZERO,14
day1-baseline,transactions,CONFLICTING_DUPLICATE,32
day1-baseline,transactions,DUPLICATE_RECORD,20
day1-baseline,transactions,FUTURE_DATE,4
day1-baseline,transactions,MISSING_DIM,185
day2-incremental,transactions,AMOUNT_BLANK,3
day2-incremental,transactions,AMOUNT_NEGATIVE,3
day2-incremental,transactions,AMOUNT_ZERO,5
day2-incremental,transactions,CONFLICTING_DUPLICATE,6
day2-incremental,transactions,DUPLICATE_RECORD,4
day2-incremental,transactions,FUTURE_DATE,5
day2-incremental,transactions,MISSING_DIM,38
