customer_id,customer_name,email,phone,account_id,gender,dob,address,kyc_status,registration_date,dq_flags,row_hash,customer_sk,valid_from,valid_to,is_current
C134,Customer_134,customer_134@example.com,+91-9970629620,A0134,Male,1985-04-26,"104 Linking Rd, Delhi",Verified,2023-08-04,,0f2f030762e21c9414fceafc808419f8cbc59f48996a3d96b9cee7a1d58ad5f7,1,1900-01-01,9999-12-31,True
C1181,Customer_99,customer_99@example.com,+91-7590175186,A1181,Female,1995-10-17,"224 Main St, Delhi",Pending,2022-01-04,,838674403beaf40cf6affdab68404dc29812e371aad610504867401c0ddafc89,2,1900-01-01,9999-12-31,True
C145,Customer_145,customer_145@example.com,+91-8902330307,A0145,Female,1967-03-03,"52 Linking Rd, Delhi",Pending,2023-02-17,,f5800fc8543e26aec16e3aa80b9afdc07a5336da444cc5d4cc75a580c67c6eb2,3,1900-01-01,9999-12-31,True
C118,Customer_118,customer_118@example.com,+91-3132912127,A0118,Female,1979-05-26,"478 Linking Rd, Pune",Verified,2025-01-04,,a72ac149146057cb5ab59cab2dd5ae2acaddb5ec1c0493098453410ee39961bb,4,1900-01-01,9999-12-31,True
C006,Customer_6,customer_6@example.com,+91-4160529751,A0006,Female,1992-06-21,"448 Church St, Mumbai",Verified,2023-11-20,,cf3bd6e5d758232d159c90ee69c3f24d0e1918de4af9ce8f23822442a3ecd026,5,1900-01-01,9999-12-31,True
C039,Customer_39,customer_39@example.com,+91-3950047974,A0039,Female,1976-08-06,"550 MG Road, Mumbai",Pending,2020-07-02,,dbbd857c297d540a9b2753eb0496cbc571326acd20fa3bb5414de928c5d07d52,6,1900-01-01,9999-12-31,True
C103,Customer_103,customer_103@example.com,+91-3611155426,A0103,Female,1961-05-09,"793 Church St, Chennai",Rejected,2026-08-05,,e54090fc855dcd3f7f73d0c8947a8337bf18e8f6186181aa8ccb7605e406d796,7,1900-01-01,9999-12-31,True
C1182,Customer_39,customer_39@example.com,+91-3950047974,A1182,Female,1976-08-06,"550 MG Road, Mumbai",Pending,2020-07-02,,4d978a8136111816b1fb22c07cbbc7f72e5d0c5412ab55fa4e57099842d84baa,8,1900-01-01,9999-12-31,True
C097,Customer_97,customer_97@example.com,+91-2544948126,A0097,Female,2003-05-03,"941 MG Road, Bangalore",Rejected,2020-06-03,,c377ce3680924a014452af51d37e3e1c3200eeb315552c9fe12412d90355ecd1,9,1900-01-01,9999-12-31,True
C072,Customer_72,customer_72@example.com,+91-3984546156,A0072,Male,1976-08-14,"471 Park Ave, Delhi",Rejected,2021-07-14,,d93d34341b9a3d06251fa2455ccd509d340de5356c19dec9c11d428fc18a00d0,10,1900-01-01,9999-12-31,True
C099,Customer_99,customer_99@example.com,+91-7590175186,A0099,Female,1995-10-17,"224 Main St, Delhi",Pending,2022-01-04,,79e80d5beaf5505fcfa31305200de9e73aebe144892d97f0f80fa41aa278e09d,11,1900-01-01,9999-12-31,True
C2194,Customer_27,customer_27@example.com,,A2194,Male,1961-09-24,"69 Brigade Rd, Kolkata",Pending,2023-04-18,PHONE_INVALID,472b09cc71a3fefeab41471df74fcaea2c7619e686d2c68a0faf6da9ca3b0b87,12,1900-01-01,9999-12-31,True
C7251,Customer_14,customer_14@example.com,+91-8505423573,A7251,Male,1992-12-26,"232 brigade rd, chennai",Verified,2022-04-26,,4cb38f39d86836a586a4a3a66c054f2afe584824b4d07c227ef0a01b8c95a0a6,13,1900-01-01,9999-12-31,True
C056,Customer_56,customer_56@example.com,+91-7851910883,A0056,Male,2002-02-22,"587 Park Ave, Chennai",Verified,2022-09-05,,b51c006f776a2730909b4f3262d9979ed9fc5430e7d827b47f2eed592f96a1c4,14,1900-01-01,9999-12-31,True
C001,Customer_1,customer_1@example.com,+91-4455022961,A0001,Male,1971-03-09,"146 Station Rd, Hyderabad",Verified,2024-12-12,,915939cc3f2e64f49f1158918c60fc10f3319ab489f53d23627a9b1d05435e74,15,1900-01-01,9999-12-31,True
C1176,Customer_111,,+91-0564814917,A1176,Female,1965-08-04,"467 Park Ave, Kolkata",Verified,2024-08-08,EMAIL_MISSING,e665ec1f6d10367265963ac2cb3afe91919c62fe1d920727b1b8f1a8efee5e14,16,1900-01-01,9999-12-31,True
C016,Customer_16,customer_16@example.com,+91-3834735977,A0016,Female,1995-04-11,"788 Linking Rd, Pune",Rejected,2024-11-30,,2eb130cdc0d1268bd715a4a3fd7364e1a5d2c266a04a12bcced8eb4313fda546,17,1900-01-01,9999-12-31,True
C086,Customer_86,customer_86@example.com,+91-4388899375,A0086,Male,1963-11-06,"401 Main St, Chennai",Pending,2019-04-11,,99488f1cc53874dbcdaf85ccb136b1b6bbc61cd920e77403f6cbfd1c5a63153a,18,1900-01-01,9999-12-31,True
C2199,Customer_141,customer_141@example.com,+91-4066658004,A2199,Male,2001-11-18,"577 Church St, Mumbai",Pending,2025-01-02,,3a573822f2d6e867ef6dba5c4acf2aa95d98bc6175649d5fdc17ad571e1f0fec,19,1900-01-01,9999-12-31,True
C135,Customer_135,customer_135@example.com,+91-4310698720,A0135,Female,1980-04-03,"370 MG Road, Pune",Verified,2022-04-21,,b8dd07ee8dd9e97cc116166e8fd1b6450e91ea7db1cc37475ddad2d5b50d044e,20,1900-01-01,9999-12-31,True
C109,Customer_109,customer_109@example.com,+91-5691463031,A0109,Male,2003-02-14,"947 Main St, Mumbai",Pending,2025-11-12,,1e03d732823e0c2ba9ac5f1c073d6e891b802c89af004064907413e56b771adc,21,1900-01-01,2026-10-02,False
C013,Customer_13,customer_13@example.com,+91-1925462914,A0013,Male,1984-11-27,"573 Main St, Kolkata",Verified,2026-07-07,,dcb684e66d79a8bb50f31f15229a837fac2126825f8694564350039a98f6e2db,22,1900-01-01,9999-12-31,True
C009,Customer_9,customer_9@example.com,+91-2717744905,A0009,Female,1983-05-13,"520 MG Road, Bangalore",Pending,2024-01-26,,a2ffb5eb211b6d543d13192c81792c55e861827b9bd04ff5e80e597f73683979,23,1900-01-01,9999-12-31,True
C114,Customer_114,customer_114@example.com,+91-1744518705,A0114,Male,1990-12-20,"206 Linking Rd, Bangalore",Rejected,2025-12-25,,769d0be14669585842199fce1d9e62881db6f0bead7876688751c71741e29cd1,24,1900-01-01,9999-12-31,True
C027,Customer_27,customer_27@example.com,+91-6582029702,A0027,Male,1961-09-24,"69 Brigade Rd, Kolkata",Pending,2023-04-18,,32a73138d89d9af40671586f2565acc6e50b6a663a184552b43a6712d31d8ad9,25,1900-01-01,9999-12-31,True
C128,Customer_128,customer_128@example.com,+91-2525002921,A0128,Female,1973-01-27,"867 Park Ave, Kolkata",Verified,2023-03-11,,5a6b110a15c15b8d9768b2eaa978198d9cf996907336f51ac4c654c9469bddd9,26,1900-01-01,9999-12-31,True
C124,Customer_124,customer_124@example.com,+91-6383806578,A0124,Female,1967-04-24,"801 Main St, Kolkata",Rejected,2024-08-19,,c11eca6be8fa51f0ca2771d6f67e7062f1afb191eab5a2effd6e6a3f8d2dd1a9,27,1900-01-01,9999-12-31,True
C2188,Customer_115,customer_115@example.com,+91-3055488510,A2188,Female,1988-01-15,"555 Linking Rd, Hyderabad",Pending,2019-01-06,,b02540ad009cf79c2336fa57c6d2e650d027a73f47f208f2e049134fa97ab97a,28,1900-01-01,9999-12-31,True
C045,Customer_45,customer_45@example.com,+91-2636897028,A0045,Female,1992-07-27,"213 Park Ave, Kolkata",Rejected,2024-05-13,,49e08a001e84c8f56efdb559ba4fb943b257a75f9c4ec45a1fd8447d01a2e6d2,29,1900-01-01,2026-10-02,False
C2189,Customer_23,customer_23@example.com,+91-7261493316,A2189,Male,1986-08-10,"301 Brigade Rd, Hyderabad",Verified,2019-06-21,,1496b901c73272720d6ba5e3cd87f1928e3c37e4d1cbc116be7918fbf960a8c3,30,1900-01-01,9999-12-31,True
C130,Customer_130,customer_130@example.com,+91-4220969029,A0130,Female,1982-07-11,"326 Church St, Delhi",Rejected,2025-05-05,,d95787e3750b7b8fde4f19ef0768c5ddabcd9b65cf95d369241d55af5e038872,31,1900-01-01,9999-12-31,True
C053,Customer_53,customer_53@example.com,+91-5161227530,A0053,Female,2001-03-24,"268 Main St, Delhi",Pending,2021-12-29,,c3e56eb3ffbfe66a45e360487974a655f9b7f3f44a46ec81511ba47b7253b1d0,32,1900-01-01,9999-12-31,True
C068,Customer_68,customer_68@example.com,+91-0932048996,A0068,Female,1992-02-19,"303 Brigade Rd, Delhi",Pending,2021-07-31,,7ac2b9978fc8593441cbdbb3084b3be8aa9d85657f48d4111b7692549c7c1099,33,1900-01-01,9999-12-31,True
C062,Customer_62,customer_62@example.com,+91-2843959953,A0062,Male,1960-01-24,"310 Brigade Rd, Delhi",Pending,2022-05-15,,58d0bb6015f2247e9c2cdfd87d0558a31ca84f539ab6e950f4f6ea566ae65940,34,1900-01-01,9999-12-31,True
C007,Customer_7,customer_7@example.com,+91-1645352181,A0007,Female,2002-01-03,"544 Park Ave, Delhi",Pending,2022-12-09,,938333307a96458bea345941a9fe5f69b0d8b4a7ef5637eba3464d05d23094c6,35,1900-01-01,2026-10-02,False
C4720,Customer_55,customer_55@example.com,+91-3272795687,A4720,Female,,"776 Park Ave, Delhi",Verified,2026-08-18,DOB_MISSING,6d5aa68ab39c59917e1c272facf2bd8e00f126e5e1e2b93a28280c2455c18a3c,36,1900-01-01,9999-12-31,True
C5226,Customer_159,customer_159@example.com,+91-6761847230,A5226,Male,1965-05-22,"309 Main St, Mumbai",Verified,2024-11-01,,8b0d646e86c43fa5bea71477e3b8045a9ad9500723f58c6aa21f6c467539ecba,37,1900-01-01,9999-12-31,True
C148,Customer_148,customer_148@example.com,+91-4944665743,A0148,Male,1975-01-28,"478 Linking Rd, Pune",Rejected,2020-02-24,,2140a253eff140cef0c0aa258b75bcc63e60be11050fa412e6b32a94171899ab,38,1900-01-01,9999-12-31,True
C088,Customer_88,customer_88@example.com,+91-4010512382,A0088,Female,1961-01-10,"566 Brigade Rd, Kolkata",Rejected,2023-10-13,,f71408369acf4207bfe6e973056c474fa62afbc4c81843f5b686bfd99ae1e330,39,1900-01-01,9999-12-31,True
C025,Customer_25,customer_25@example.com,+91-2775841616,A0025,Female,1985-06-01,"617 Church St, Chennai",Rejected,2022-04-18,,3c82cb42fac1af925f91aca3596973b1a3c9568466cf9359a1f29af31f9919fc,40,1900-01-01,9999-12-31,True
C2197,Customer_10,customer_10@example.com,,A2197,Male,1988-01-30,"978 Church St, Hyderabad",Pending,2025-05-30,PHONE_INVALID,f98a38896bcbbe83d7650db83e8f607cd1247b7a2b0ed2dd5f23b69a956967f7,41,1900-01-01,9999-12-31,True
C091,Customer_91,customer_91@example.com,+91-9249912513,A0091,Female,1996-01-29,"313 MG Road, Chennai",Pending,2020-08-02,,429f5933db930871078d5a8adfb42006a28ef46a7d0aa38bdab4c87f21c729cd,42,1900-01-01,9999-12-31,True
C120,Customer_120,customer_120@example.com,+91-8044206788,A0120,Female,1990-07-20,"256 MG Road, Ahmedabad",Verified,2020-07-26,,cfaef659ef544ec666b59099fb3a6e642b939031ac51445dd92ecb82a408f717,43,1900-01-01,9999-12-31,True
C043,Customer_43,customer_43@example.com,+91-4705516940,A0043,Female,2005-07-02,"612 Main St, Bangalore",Rejected,2025-06-27,,494e5557490107d5e675a6980cf4994e2623b882e68c492fa70195f626433e00,44,1900-01-01,9999-12-31,True
C059,Customer_59,customer_59@example.com,+91-6567661825,A0059,Male,1967-02-24,"122 Brigade Rd, Pune",Rejected,2020-06-05,,bb272d0f8df2ba0e93e8a0dbfdb554847142c257c25f2fdc26acd72a4219e2cc,45,1900-01-01,9999-12-31,True
C1180,Customer_165,,+91-7296590277,A1180,Female,2006-01-16,"116 Main St, Ahmedabad",Verified,2019-09-17,EMAIL_INVALID,36602a290ff868368c62d79f1f8fb8b7be3e73f5036a34ad7bd1cbe6a9b1f8e3,46,1900-01-01,9999-12-31,True
C024,Customer_24,customer_24@example.com,+91-6874034505,A0024,Female,2001-03-28,"280 MG Road, Kolkata",Pending,2023-06-27,,57d564dd5d357e7abe0b079dd1e6ec400b259649305e04e596fe7ba6613ecc8a,47,1900-01-01,9999-12-31,True
C6239,Customer_115,customer_115@example.com,+91-9738320603,A6239,Female,1988-01-15,"555 Linking Rd, Hyderabad",Pending,2021-05-13,,1324f28a0645235e0b42b87daa4be60c1147521cec7ede097b632feb3168f011,48,1900-01-01,9999-12-31,True
C131,Customer_131,customer_131@example.com,+91-5135521570,A0131,Female,1967-08-14,"272 Brigade Rd, Delhi",Rejected,2019-10-05,,b900b8455d3e64782b1fc76fe3e0ce247f3e56ae7eeacf27801414fafe6fe12c,49,1900-01-01,9999-12-31,True
C067,Customer_67,customer_67@example.com,+91-7854458771,A0067,Female,1989-02-24,"823 Station Rd, Ahmedabad",Pending,2021-04-12,,a3197cfcad15cb37f8f95e706baf95d631da2152f240d215573d918705242372,50,1900-01-01,9999-12-31,True
C2192,Customer_31,customer_31@example.com,+91-2922169958,A2192,Male,1973-01-11,"133 Park Ave, Mumbai",Verified,2022-06-20,,644178cb61e68e89174115277460c5f415fca6da593763ef23421d560cabdffb,51,1900-01-01,9999-12-31,True
C049,Customer_49,customer_49@example.com,+91-0833016571,A0049,Male,1976-10-01,"698 Church St, Chennai",Verified,2025-03-04,,8b989d8a2cbd2e193023ea53f5ed82f14d20577644d0299b46fa33967858c73a,52,1900-01-01,9999-12-31,True
C015,Customer_15,customer_15@example.com,+91-9296222927,A0015,Male,1985-03-19,"45 Main St, Kolkata",Rejected,2021-08-30,,f304ea817c4588b28b0290bdd860b350ecb1d71682b83dc8e42b185c96be0d9a,53,1900-01-01,9999-12-31,True
C4718,Customer_90,customer_90@example.com,+91-2553714785,A4718,Male,,"612 Main St, Pune",Rejected,2020-04-12,DOB_MISSING,3d1511c1fc15f5fbc87769dcf3552e55de74a4ef61ceec81b8798c247b52da4e,54,1900-01-01,9999-12-31,True
C6236,Customer_96,customer_96@example.com,+91-1339596292,A6236,Male,1994-05-23,"804 Brigade Rd, Delhi",Verified,2020-11-16,,64ab618bfed9bf36b9b8c2606e907f0bad3570e91eac6b846f778fe68832aa28,55,1900-01-01,9999-12-31,True
C154,Customer_154,customer_154@example.com,+91-1752500743,A0154,Female,1971-03-07,"780 Church St, Chennai",Rejected,2020-10-10,,9740d269d9bd19a24c936967f342835ef1af9d3679257d19f9d43a185d84956c,56,1900-01-01,2026-10-02,False
C074,Customer_74,customer_74@example.com,+91-0339740148,A0074,Male,2002-05-20,"578 Station Rd, Hyderabad",Verified,2022-07-12,,b51d4210563519701f0a71a5fbedf53e578981b8053e4babf8747294aedfdfe7,57,1900-01-01,9999-12-31,True
C1174,Customer_159,customer_159@example.com,+91-6761847230,A1174,Male,1965-05-22,"309 Main St, Mumbai",Rejected,2024-11-01,,1c5b1b5bee9791ede2cd7f1b4bbf02dc11ad22bbc2d465152291193f8ff24473,58,1900-01-01,9999-12-31,True
C3207,Customer_11,customer_11@example.com,+91-8207151820,A3207,Male,1997-09-02,"254 Station Rd, Ahmedabad",Pending,2024-11-16,,38c2253967b938279d2409c2d690e7e7a70db55dff2d921f891987809d31d8c0,59,1900-01-01,9999-12-31,True
C6242,Customer_76,customer_76@example.com,+91-1631599965,A6242,Female,1959-10-26,"31 Station Rd, Bangalore",Pending,2025-11-01,REG_DATE_AMBIGUOUS_ASSUMED_DMY,33bb11cf717368a6bfd30956296f708b06b8f1b40eabaa73effdd40d488d1c63,60,1900-01-01,9999-12-31,True
C021,Customer_21,customer_21@example.com,+91-4609539621,A0021,Male,1967-11-18,"537 Linking Rd, Mumbai",Rejected,2025-02-06,,471a7e26a9c86fe5b18084ce139afa2696d37ea6add98e36f2f598c974c4086d,61,1900-01-01,9999-12-31,True
C126,Customer_126,customer_126@example.com,+91-8039652239,A0126,Male,1978-11-29,"326 Church St, Kolkata",Rejected,2019-04-26,,a05e46cbb73878e999e2730c42073b0310993915683a9ef1e476b55edbd02a58,62,1900-01-01,9999-12-31,True
C080,Customer_80,customer_80@example.com,+91-2244472126,A0080,Male,1989-02-26,"283 Main St, Bangalore",Pending,2019-11-12,,eb5eff7c4fbf386964b631b71b88a5fc35cd0b153d0a89ce864521e3994dc051,63,1900-01-01,9999-12-31,True
C5227,Customer_136,customer_136@example.com,+91-1032417146,A5227,Female,1972-11-29,"483 Main St, Bangalore",Pending,2026-03-14,,b558d15f4b608b852bd59fefca853d12d9b658f79c43ff814a0c1d0cb6d91ef8,64,1900-01-01,9999-12-31,True
C6241,Customer_12,customer_12@example.com,+91-5466590515,A6241,Male,1987-08-25,"97 Park Ave, Pune",Pending,2020-03-01,REG_DATE_AMBIGUOUS_ASSUMED_DMY,075d02167f101659215c173a73171e5c3d38c71f5d652d5ef8c7af6b6d68989a,65,1900-01-01,9999-12-31,True
C7245,Customer_7,customer_7@example.com,+91-1645352181,A7245,Female,2002-01-03,"544 park ave, delhi",Pending,2022-12-09,,f439068a502eabcd68e136a29b9116d79d8981f5f6b0462688e8406fec36a40d,66,1900-01-01,9999-12-31,True
C117,Customer_117,customer_117@example.com,+91-8261990623,A0117,Male,1963-07-29,"299 Linking Rd, Kolkata",Pending,2022-08-29,,cc7514fda45641c97d339689b438cb02ced58dfa8c9c10175f34538e61989378,67,1900-01-01,2026-10-02,False
C5230,Customer_3,customer_3@example.com,+91-7976438156,A5230,Female,1993-01-15,"114 Linking Rd, Ahmedabad",Rejected,2026-06-25,,f0c6eaa513f22ae6a20b665d019c129bd00a731ba8a1d1ed71179d43730e17d4,68,1900-01-01,9999-12-31,True
C087,Customer_87,customer_87@example.com,+91-6112545738,A0087,Male,1981-07-03,"495 Linking Rd, Ahmedabad",Verified,2023-11-30,,0f0a8aa5b98d7c97ad16b335940e00f0ca6173744fccb47863c1565dfe35d0ec,69,1900-01-01,9999-12-31,True
C6235,Customer_133,customer_133@example.com,+91-1040541152,A6235,Male,1995-06-27,"910 Main St, Chennai",Rejected,2019-12-04,,e182b22b2ff6ab8a170ee1d660a7757445c80919b7c0f92303f957ff00aaf34d,70,1900-01-01,9999-12-31,True
C066,Customer_66,customer_66@example.com,+91-3540331739,A0066,Male,1998-01-03,"721 Brigade Rd, Pune",Verified,2025-03-11,,f7efaa553e0d2a1d432fe88d99e15d835ba9bd91136eadf2e554c087e164a928,71,1900-01-01,9999-12-31,True
C2187,Customer_147,customer_147@example.com,+91-3758997571,A2187,Female,1957-06-18,"526 MG Road, Hyderabad",Pending,2020-06-25,,04ecb4aa125d4585a73142beb4f08470dcc0040794ba3a631914ec7d7ebcad53,72,1900-01-01,9999-12-31,True
C127,Customer_127,customer_127@example.com,+91-3784270103,A0127,Male,2005-07-08,"617 Brigade Rd, Hyderabad",Rejected,2024-05-11,,c863491284ac32ba74a5c36444c27d52df9ccf690ab0067677c3000eb7f6e01f,73,1900-01-01,9999-12-31,True
C7250,Customer_19,customer_19@example.com,+91-5220472779,A7250,Female,1963-11-21,"6 mg road, hyderabad",Pending,2021-06-02,,caea9708c05bb4e32aa26a30d5c1e3122ed05f12472c94ea544c862e3c28fcf1,74,1900-01-01,9999-12-31,True
C038,Customer_38,customer_38@example.com,+91-2595327877,A0038,Female,1977-04-10,"901 Linking Rd, Ahmedabad",Verified,2020-01-04,,49e4ec4ce566c710a3bb6b39765c3fbf192727b59ceafc836b5eaf371e543a47,75,1900-01-01,9999-12-31,True
C095,Customer_95,customer_95@example.com,+91-8580783613,A0095,Male,1979-01-13,"305 Church St, Hyderabad",Pending,2021-12-12,,43fd7159429eaa3e4d4d3abc21faf161aeed40479639a61d8288c7c9af0b8ab2,76,1900-01-01,9999-12-31,True
C029,Customer_29,customer_29@example.com,+91-8681447394,A0029,Male,1999-10-09,"711 Main St, Delhi",Verified,2020-07-09,,19d21d1fa9667f85e12cd4d1612727fb7409cba4216c773feb8ddc68e5554c7c,77,1900-01-01,9999-12-31,True
C7246,Customer_118,customer_118@example.com,+91-3132912127,A7246,Female,1979-05-26,"478 linking rd, pune",Verified,2025-01-04,,a093f0d6410079f4da82b0ba29bb4c352a3d19d5fe48ad1a0745cde65e3e57d7,78,1900-01-01,9999-12-31,True
C020,Customer_20,customer_20@example.com,+91-4341036971,A0020,Female,1964-12-22,"114 Church St, Ahmedabad",Rejected,2025-01-04,,b745c92c3e91d5b123e6547d381907058e83e9db7855db3b11b3db1733672e19,79,1900-01-01,9999-12-31,True
C084,Customer_84,customer_84@example.com,+91-6724342661,A0084,Female,1961-03-16,"460 Park Ave, Ahmedabad",Rejected,2023-06-30,,ddfb65d0e88b7820d1c78e3b27850ec2c215fb5e536a24d64887f091d0350f88,80,1900-01-01,9999-12-31,True
C152,Customer_152,customer_152@example.com,+91-1353465549,A0152,Male,1985-02-10,"302 Main St, Mumbai",Pending,2019-08-08,,13623cdc24d52de1fc9c8434c479f0ecbe91d82e76310611f1f732d86f1f47b1,81,1900-01-01,9999-12-31,True
C090,Customer_90,customer_90@example.com,+91-2553714785,A0090,Male,2003-03-02,"612 Main St, Pune",Rejected,2020-04-12,,2941777d6bf1270f968db7ae056a4b1b8134312090555493da272a62d6f4fbec,82,1900-01-01,9999-12-31,True
C070,Customer_70,customer_70@example.com,+91-0062312038,A0070,Male,1961-09-01,"467 Linking Rd, Hyderabad",Rejected,2026-02-25,,f0f40cbc6d1600662695b7906fc67bdc6762dcc4e71757f91876667977f33456,83,1900-01-01,9999-12-31,True
C115,Customer_115,customer_115@example.com,+91-9738320603,A0115,Female,1988-01-15,"555 Linking Rd, Hyderabad",Pending,2019-01-06,,b51294a1e2c77abd8ec853d40c26690252ce3dc38b5f9615ea5f3b688b885e55,84,1900-01-01,9999-12-31,True
C121,Customer_121,customer_121@example.com,+91-3236519941,A0121,Male,1960-07-13,"23 MG Road, Delhi",Rejected,2023-12-22,,2b7324c5a59b777bd7e627ed6b86d66641dad2f711f9ecef76b45f8ffb216f97,85,1900-01-01,9999-12-31,True
C7248,Customer_10,customer_10@example.com,+91-4119986798,A7248,Male,1988-01-30,"978 church st, hyderabad",Pending,2025-05-30,,d7edff5fb84207b23f27de7fed014972c57a47ec31f374076c9f9f03042ad96a,86,1900-01-01,9999-12-31,True
C5229,Customer_144,customer_144@example.com,+91-6913736785,A5229,Female,1979-03-04,"841 MG Road, Chennai",Verified,2022-06-28,,d931f9bb91375516fdd15214b10c124e00ef28835269e1b4c0824ccfd9f504c4,87,1900-01-01,9999-12-31,True
C3206,Customer_97,customer_97@example.com,+91-2544948126,A3206,Male,2003-05-03,"941 MG Road, Bangalore",Rejected,2020-06-03,,8fa29033816b6cb70426b36942c1f26bf4bc80b3b4030080e7d11aa8eec1e544,88,1900-01-01,9999-12-31,True
C052,Customer_52,customer_52@example.com,+91-1527420549,A0052,Female,1972-04-19,"691 Church St, Delhi",Verified,2025-11-07,,60ce36fabd1ba3e69a7f1d7b73dca0b91dce9c8d466c170399053d4bbc69b61a,89,1900-01-01,9999-12-31,True
C4719,Customer_57,customer_57@example.com,+91-3971870728,A4719,Female,,"426 Main St, Hyderabad",Rejected,2024-03-08,DOB_MISSING,5efe1dccd8063389fe3823ccfe21e75032cd2b3d443de02e221b826e0a215540,90,1900-01-01,9999-12-31,True
C004,Customer_4,customer_4@example.com,+91-6900343244,A0004,Male,1974-10-13,"336 MG Road, Hyderabad",Pending,2023-10-30,,deaa4a28bbfe33071048f76962a04e584eb2e3a90a5445d740e21f54edd06b85,91,1900-01-01,9999-12-31,True
C160,Customer_160,customer_160@example.com,+91-1891411739,A0160,Male,1992-07-29,"205 Church St, Bangalore",Rejected,2021-04-06,,5dff9aee9e8acd5b11c6ad6ed6ca395f86e1f3a091186cf9e88fbc7bce181475,92,1900-01-01,9999-12-31,True
C2196,Customer_106,customer_106@example.com,+91-6846081062,A2196,Male,2001-06-13,"247 Main St, Mumbai",Rejected,2019-02-19,,f41f38d5d20818f3d6c2ab662b6725e48a071f2362477630b0f779e70dd82a1f,93,1900-01-01,9999-12-31,True
C105,Customer_105,customer_105@example.com,+91-5652341389,A0105,Male,1989-06-14,"615 Station Rd, Bangalore",Rejected,2019-04-20,,18312b63875af4995fd2c26501907362384d4464b2840f6c25ccfca87cd8bd09,94,1900-01-01,9999-12-31,True
C107,Customer_107,customer_107@example.com,+91-6965827109,A0107,Female,1966-11-03,"70 MG Road, Bangalore",Verified,2019-06-13,,7aeda9390604bea27d67f4d01194e7b9dc17cb6bbb10ef72baac78f200e5b6cc,95,1900-01-01,9999-12-31,True
C010,Customer_10,customer_10@example.com,+91-4119986798,A0010,Male,1988-01-30,"978 Church St, Hyderabad",Pending,2025-05-30,,b634292c763527dd555559640e2c7913705cff70310d5114fe8c34e3b7fc96ef,96,1900-01-01,9999-12-31,True
C136,Customer_136,customer_136@example.com,+91-1032417146,A0136,Female,1972-11-29,"483 Main St, Bangalore",Verified,2026-03-14,,13340e8adf4358781738eca7eb5456db86160ae302b2a27e2e21189ad392fc86,97,1900-01-01,9999-12-31,True
C164,Customer_164,customer_164@example.com,+91-6746762120,A0164,Male,1990-12-15,"966 Church St, Chennai",Verified,2023-09-01,,e5fcbe92601c61723dc0e5a8025f5ab3264fed55580e002b02bcb069323fb101,98,1900-01-01,9999-12-31,True
C034,Customer_34,customer_34@example.com,+91-4981829922,A0034,Female,1966-03-25,"675 Park Ave, Kolkata",Rejected,2019-06-18,,fb0384cd74d4676f00fa2740f82ff521b3affbef5d271f17b1b85dad7e6ae230,99,1900-01-01,9999-12-31,True
C151,Customer_151,customer_151@example.com,+91-3875842824,A0151,Male,1985-10-14,"100 Main St, Chennai",Rejected,2021-11-25,,12026c41af71bfa23871f73b2488b0432c7e67d10ad197f237f6a03607485f22,100,1900-01-01,9999-12-31,True
C069,Customer_69,customer_69@example.com,+91-8547772522,A0069,Male,1999-10-18,"738 Park Ave, Ahmedabad",Verified,2025-01-29,,a2db08b842810c0941c2c96e30f1f1a055800765342af3657730b43995c7e151,101,1900-01-01,9999-12-31,True
C157,Customer_157,customer_157@example.com,+91-9856257532,A0157,Female,2001-09-04,"971 Church St, Pune",Verified,2021-07-24,,594e64d8e725858962475c64a7c17770c4f2de583c2f42fef74f50ecc06152dc,102,1900-01-01,9999-12-31,True
C6234,Customer_7,customer_7@example.com,+91-1645352181,A6234,Female,2002-01-03,"544 Park Ave, Delhi",Pending,2022-08-05,,e066b13c46374ee4e429754fd5c53a39a15f1e4363581922dfc0d427acd4d573,103,1900-01-01,9999-12-31,True
C139,Customer_139,customer_139@example.com,+91-6089899217,A0139,Female,1962-01-31,"178 Brigade Rd, Delhi",Verified,2020-05-31,,eae38b08fcee2ac956b6edbc6361fcd25a9457bd947cad68fb4f7f2c7242d4c1,104,1900-01-01,9999-12-31,True
C036,Customer_36,customer_36@example.com,+91-1027677359,A0036,Female,1995-09-09,"148 Linking Rd, Kolkata",Rejected,2022-11-15,,a51df6d1f7983a7989f8f7bb6a470a1cff9b8d0aefe07c959d9e1c016d0dcd0e,105,1900-01-01,2026-10-02,False
C108,Customer_108,customer_108@example.com,+91-4866618892,A0108,Female,2000-06-13,"285 MG Road, Bangalore",Verified,2024-09-25,,9d23f0dfe19790e29fc825ef4dbf2918464a26e495025a2367d411632a19661a,106,1900-01-01,9999-12-31,True
C3209,Customer_72,customer_72@example.com,+91-3984546156,A3209,Female,1976-08-14,"471 Park Ave, Delhi",Rejected,2021-07-14,,1cd88369751a0c0942d886e088980de99c70cae28bf99ec5768720e87ae1b168,107,1900-01-01,9999-12-31,True
C5225,Customer_56,customer_56@example.com,+91-7851910883,A5225,Male,2002-02-22,"587 Park Ave, Chennai",Pending,2022-09-05,,ec0838a6a159cad6a7ac2234c4dd98e988a1f739425e51fd55f3bcd6d5960946,108,1900-01-01,9999-12-31,True
C083,Customer_83,customer_83@example.com,+91-6519398280,A0083,Female,1980-02-23,"976 Station Rd, Ahmedabad",Rejected,2021-05-08,,d3148bd00ceb28ee87d5e76fed738e2ca113296eebf980fb1b4697f0f5754e74,109,1900-01-01,9999-12-31,True
C5223,Customer_93,customer_93@example.com,+91-5072368876,A5223,Female,1959-10-23,"702 Main St, Pune",Verified,2023-12-24,,45681c0c0a338e3e616befc9f7814fe023338e25a66d00f8b7428d6b64b9ea27,110,1900-01-01,9999-12-31,True
C1177,Customer_64,customer_64@example.com,+91-7334270866,A1177,Male,2003-04-05,"571 Park Ave, Chennai",Pending,2021-09-21,,b8c49c0535d1f135df0f7d8cb21bc026731b7c9faf161199e7059e360cbaf0b9,111,1900-01-01,9999-12-31,True
C063,Customer_63,customer_63@example.com,+91-9268705685,A0063,Male,2004-12-11,"714 Main St, Pune",Verified,2022-05-13,,57f9f8066340f33cd17155e0a7015a19d9d9f50eca3e7b99a153c32e3a24d1f7,112,1900-01-01,9999-12-31,True
C4721,Customer_85,customer_85@example.com,+91-0589113529,A4721,Female,,"46 Park Ave, Pune",Pending,2023-10-30,DOB_MISSING,0685642dac6447ccadf6282123599a95d9ca766fa3b5fcef48c986b917564bf6,113,1900-01-01,9999-12-31,True
C7247,Customer_85,customer_85@example.com,+91-0589113529,A7247,Female,2003-10-10,"46 park ave, pune",Pending,2023-10-30,,6e9ae0fccb35f5ea9d75e87e991c5bc70c1ed1555561e6e015dbac503250e9d8,114,1900-01-01,9999-12-31,True
C046,Customer_46,customer_46@example.com,+91-2785854973,A0046,Female,1983-02-24,"981 Brigade Rd, Bangalore",Rejected,2022-05-07,,f7c5ed5320e54a0a12300cc4995cab4ae52489deb4cf3344b3d5200a34869e6b,115,1900-01-01,9999-12-31,True
C058,Customer_58,customer_58@example.com,+91-4039106518,A0058,Male,1990-07-10,"62 MG Road, Ahmedabad",Verified,2022-03-21,,63b5eca1a62fa3157e610152cd53f5a7e6629bce37b4de05df03fb7122ed4ca5,116,1900-01-01,9999-12-31,True
C060,Customer_60,customer_60@example.com,+91-4786863375,A0060,Male,1957-01-14,"159 Linking Rd, Delhi",Rejected,2020-04-07,,a4e981d20b04cddbff78caed1ad380152001d1d4c6c875b309c6c11e21efee16,117,1900-01-01,2026-10-02,False
C123,Customer_123,customer_123@example.com,+91-4720999347,A0123,Male,1979-09-02,"422 Park Ave, Ahmedabad",Verified,2019-12-26,,f1d92e1aeb557d5f2649e0bb14a713e1dc76bbdcab9f616be0c4d87da1b54235,118,1900-01-01,9999-12-31,True
C144,Customer_144,customer_144@example.com,+91-6913736785,A0144,Female,1979-03-04,"841 MG Road, Chennai",Verified,2022-06-28,,97bc626d482b55e1674d95b7eb58d7d64320f84e8232ac533e3ed4b9f0244af4,119,1900-01-01,9999-12-31,True
C5233,Customer_115,customer_115@example.com,+91-9738320603,A5233,Female,1988-01-15,"555 Linking Rd, Hyderabad",Pending,2019-01-06,,d5a83b9c19fd9193c062a94862dfbcd4833a060f967b2b8c02958f3cfa68a3d1,120,1900-01-01,9999-12-31,True
C093,Customer_93,customer_93@example.com,+91-5072368876,A0093,Female,1959-10-23,"702 Main St, Pune",Rejected,2023-12-24,,8c80b866cc8925dccd28e330a66470d19565134815ddcb7b5e8304417ee40a74,121,1900-01-01,9999-12-31,True
C071,Customer_71,customer_71@example.com,+91-0088600848,A0071,Female,1998-10-08,"294 MG Road, Pune",Verified,2020-03-14,,f93db7da9bfd40ac66e4b864fa73044a9fc1174a1f8236802cfafc736b3333c7,122,1900-01-01,2026-10-02,False
C112,Customer_112,customer_112@example.com,+91-2419138000,A0112,Male,1987-12-27,"251 MG Road, Ahmedabad",Pending,2023-04-18,,1de26b676a8453d64ec26b36ae4ab5fddb1311e3ccbb6a51da9da6c239d65403,123,1900-01-01,9999-12-31,True
C2200,Customer_1,customer_1@example.com,+91-7359893347,A2200,Male,1971-03-09,"146 Station Rd, Hyderabad",Verified,2024-12-12,,a364db22ae6822b2003e2b64a316218590a16d25c0d4a387f13a3d6bef60db23,124,1900-01-01,9999-12-31,True
C064,Customer_64,customer_64@example.com,+91-7334270866,A0064,Male,2003-04-05,"571 Park Ave, Chennai",Pending,2021-09-21,,5a7a682901ecbf5dad9b40ac8618751a07d7eac90794d951f79c817076ec5b73,125,1900-01-01,2026-10-02,False
C3205,Customer_31,customer_31@example.com,+91-2370589578,A3205,Unknown,1973-01-11,"133 Park Ave, Mumbai",Verified,2022-06-20,,281c926a1ee808f9bebb312b727d768553e7adfa17d2f75414c57e0d940dc61c,126,1900-01-01,9999-12-31,True
C6237,Customer_132,customer_132@example.com,+91-0067626765,A6237,Female,1964-09-10,"560 Main St, Mumbai",Pending,2024-12-24,,693fe5108756c300dc6502c1c9d14db871ca17685d5e4699b0947201375e4a78,127,1900-01-01,9999-12-31,True
C044,Customer_44,customer_44@example.com,+91-9728962309,A0044,Male,1959-08-10,"971 Station Rd, Mumbai",Verified,2019-03-19,,bff4b69b0eb1b179b8a8086f168d47e9697e8f47dfb6a65f778e4cdc82d52fb6,128,1900-01-01,2026-10-02,False
C110,Customer_110,customer_110@example.com,+91-2102027588,A0110,Male,1982-09-30,"802 Church St, Bangalore",Verified,2023-03-04,,aa8fcdc27011bfb75ced03303187c1bbb0cac8805278acd11e54fe19180fd248,129,1900-01-01,9999-12-31,True
C7249,Customer_23,customer_23@example.com,+91-8527722170,A7249,Male,1986-08-10,"301 brigade rd, hyderabad",Verified,2019-06-21,,5546671f269fbb8c15b624428e592503db5a53c6548710ea743c5f7e591d2036,130,1900-01-01,9999-12-31,True
C094,Customer_94,customer_94@example.com,+91-9034043842,A0094,Male,1962-06-01,"800 Main St, Ahmedabad",Rejected,2024-09-23,,87029b1bc6eadb08522da245551f31aa336f06399be95e755f3a5c505e0e88b5,131,1900-01-01,9999-12-31,True
C040,Customer_40,customer_40@example.com,+91-5060983584,A0040,Female,1991-03-06,"76 Main St, Ahmedabad",Rejected,2022-02-19,,0f6380c9c0fe6e1a618d64704c1cbd5c5ccb2e443be2d32d3d94037a009d9e6b,132,1900-01-01,9999-12-31,True
C1183,Customer_143,,+91-7450544471,A1183,Male,1959-06-04,"996 Church St, Delhi",Verified,2022-05-15,EMAIL_INVALID,eee43dc4734b12937d783ee45949ca00db4d3833efd1fb6254a3fd225c7c8bb1,133,1900-01-01,9999-12-31,True
C155,Customer_155,customer_155@example.com,+91-9666676008,A0155,Male,1966-08-11,"205 Station Rd, Kolkata",Verified,2022-08-12,,117f1b36112ba8ac527a3da6d833019813e3a4f9d80a85b3ea759bbe023d46bf,134,1900-01-01,9999-12-31,True
C5224,Customer_76,customer_76@example.com,+91-1631599965,A5224,Female,1959-10-26,"31 Station Rd, Bangalore",Verified,2024-07-02,,93414aa887bbb94ff1c2d4895c17365f12bc4d0991a095c566ca47e80fa1af96,135,1900-01-01,9999-12-31,True
C082,Customer_82,customer_82@example.com,+91-4593752654,A0082,Female,1967-03-19,"753 Station Rd, Ahmedabad",Rejected,2021-09-19,,ccf9d8903a0d986768f296b18e35f2897cf7cece5b2c06d2bf3d5085dbe51de5,136,1900-01-01,9999-12-31,True
C161,Customer_161,customer_161@example.com,+91-2087375300,A0161,Female,1981-07-01,"688 MG Road, Mumbai",Rejected,2026-07-03,,26d56a9160eab6a393317f8e194d19bd0d2d018473bf92e9873c7a112df7988f,137,1900-01-01,9999-12-31,True
C5222,Customer_85,customer_85@example.com,+91-0589113529,A5222,Female,2003-10-10,"46 Park Ave, Pune",Pending,2023-10-30,,411a810eedde2c18eae7340761dd2c9d92ea677e4785f9d715fd5c76decaa542,138,1900-01-01,9999-12-31,True
C6240,Customer_125,customer_125@example.com,+91-2059304078,A6240,Female,1979-04-06,"367 Church St, Delhi",Verified,2026-08-09,REG_DATE_AMBIGUOUS_ASSUMED_DMY,825aff87bbe883bc056c1530f8c7c0b52eca7ff7a093edf1b4c32921fb56a973,139,1900-01-01,9999-12-31,True
C061,Customer_61,customer_61@example.com,+91-3311907903,A0061,Female,1956-05-27,"759 MG Road, Pune",Pending,2021-08-17,,203cc4cb2fd845684e7ec67774012d8ab36de2ca231232edc665e982fe256be0,140,1900-01-01,9999-12-31,True
C033,Customer_33,customer_33@example.com,+91-8242253584,A0033,Male,1966-02-20,"867 MG Road, Bangalore",Verified,2026-02-14,,342cbeb6025503b22aacd601327ba3d057d5dbc1cca1fff668e93504e3fee3ec,141,1900-01-01,9999-12-31,True
C5231,Customer_30,customer_30@example.com,+91-7155188442,A5231,Female,1970-06-28,"729 Station Rd, Chennai",Pending,2024-09-14,,75b538fcbec2d69391d9d64d5227eea28eb800a862b918aa6ef0a1d5d3fdd78d,142,1900-01-01,9999-12-31,True
C085,Customer_85,customer_85@example.com,+91-0589113529,A0085,Female,2003-10-10,"46 Park Ave, Pune",Pending,2023-10-30,,ac607cab079c483c37fc36fa8d6a78bbdc5cf4f664fbb5a1847cea79c47b9b67,143,1900-01-01,9999-12-31,True
C125,Customer_125,customer_125@example.com,+91-2059304078,A0125,Female,1979-04-06,"367 Church St, Delhi",Verified,2020-02-15,,ac5151c9efc328b060ba2c4176b16fa2089138fc4d27f753a03ac5e2702ac719,144,1900-01-01,9999-12-31,True
C149,Customer_149,customer_149@example.com,+91-9944171545,A0149,Female,2005-05-15,"883 Linking Rd, Bangalore",Rejected,2026-04-22,,fde0d5c14d5d9128cd45680b2440142694d5f1f26fd8e1a05f3d2425a1df3b45,145,1900-01-01,9999-12-31,True
C051,Customer_51,customer_51@example.com,+91-7240049915,A0051,Male,1990-08-13,"292 Main St, Ahmedabad",Verified,2024-08-27,,14ffe714ba18de5380a8750e2a21bcb39fecf78303657462fab9eb785ef1bfab,146,1900-01-01,2026-10-02,False
C026,Customer_26,customer_26@example.com,+91-5447962757,A0026,Male,1962-03-08,"44 Station Rd, Kolkata",Rejected,2023-11-17,,1e4b07f922662a8c1741344cc7a938491ce2b6d2c320af4c5444286737428924,147,1900-01-01,9999-12-31,True
C1171,Customer_87,,+91-6112545738,A1171,Male,1981-07-03,"495 Linking Rd, Ahmedabad",Verified,2023-11-30,EMAIL_MISSING,f62414a7f1ad56885d6c38f2f329099888d09467b2e0a3aa4a9f9859131e19b6,148,1900-01-01,9999-12-31,True
C018,Customer_18,customer_18@example.com,+91-1375060685,A0018,Male,1994-04-01,"242 Main St, Mumbai",Pending,2021-07-08,,19c1463a2b0c7c0c619f3db6f6fac2db231aade216546f920ed9150d68d9f776,149,1900-01-01,2026-10-02,False
C5228,Customer_122,customer_122@example.com,+91-1070296670,A5228,Male,1984-09-29,"392 Station Rd, Pune",Rejected,2022-12-20,,ebb3546041191fa2957dc3d3e2ae89bce46126a1ac98b03dda3697fc01c76336,150,1900-01-01,9999-12-31,True
C5232,Customer_89,customer_89@example.com,+91-2266093796,A5232,Male,1991-05-04,"399 MG Road, Delhi",Verified,2022-02-14,,de7792e200df63a8a4316e23ca2fcea83b8dc0066a8766b80d3bdc5c9cdfeaf0,151,1900-01-01,9999-12-31,True
C1178,Customer_124,,+91-6383806578,A1178,Female,1967-04-24,"801 Main St, Kolkata",Rejected,2024-08-19,EMAIL_INVALID,ca36b036aba158d0b764675df964e68928e33dbbf9090f2e87b82976d2cd5f0b,152,1900-01-01,9999-12-31,True
C119,Customer_119,customer_119@example.com,+91-4741124903,A0119,Male,1995-07-18,"856 Church St, Kolkata",Verified,2020-01-09,,0444456024550e2ae06ece6cb8ba446160f4899c769c2e70a15d6fc3e0ff115a,153,1900-01-01,9999-12-31,True
C1185,Customer_14,,+91-8505423573,A1185,Male,1992-12-26,"232 Brigade Rd, Chennai",Verified,2022-04-26,EMAIL_MISSING,975003f9a63dfb019b31917ad892cea29408ffea0d01326d0385f4fe6c4eb7ce,154,1900-01-01,9999-12-31,True
C014,Customer_14,customer_14@example.com,+91-8505423573,A0014,Male,1992-12-26,"232 Brigade Rd, Chennai",Verified,2022-04-26,,7b964ccebba450d64d2e62be197b6881e3c01c8e85f0332dcb2018ee0781cb30,155,1900-01-01,9999-12-31,True
C146,Customer_146,customer_146@example.com,+91-0357972798,A0146,Female,1966-02-11,"359 Linking Rd, Chennai",Pending,2026-09-22,,8aa7f5573a1f6fe09c6a0ee7f5c74fe4d14cadcd9a247a25cc47ae25846da3bc,156,1900-01-01,9999-12-31,True
C047,Customer_47,customer_47@example.com,+91-3757584419,A0047,Female,1980-12-05,"693 Park Ave, Pune",Pending,2022-11-14,,22f23fbe0e5b981786a8f466f15b9cbf3ff6a8251f80329e3b468e09c4226cf6,157,1900-01-01,9999-12-31,True
C030,Customer_30,customer_30@example.com,+91-7155188442,A0030,Female,1970-06-28,"729 Station Rd, Chennai",Pending,2024-09-14,,d268b08727d3fec02e1b449feb03b2a4ca74f918805bec39d90ccb9f4e27a08d,158,1900-01-01,9999-12-31,True
C050,Customer_50,customer_50@example.com,+91-7345401938,A0050,Female,1997-09-04,"757 Station Rd, Hyderabad",Verified,2023-09-08,,7228a1b032c7b13fd4b8e5d9fdf040c0381188fbf0ed35366aea4578b71e2508,159,1900-01-01,9999-12-31,True
C065,Customer_65,customer_65@example.com,+91-1751830469,A0065,Male,1984-08-18,"618 MG Road, Mumbai",Verified,2025-08-03,,925b66a0f7e81aeaefa23cc648de40642b1ce96f48bb0932f823e6c3327f3f68,160,1900-01-01,9999-12-31,True
C158,Customer_158,customer_158@example.com,+91-0982150648,A0158,Male,1973-12-12,"639 MG Road, Hyderabad",Rejected,2020-03-18,,4858122b43a1182777cb0c212435d4e054f8016133bd498f8d73c20116d1d745,161,1900-01-01,9999-12-31,True
C048,Customer_48,customer_48@example.com,+91-4157473384,A0048,Female,1958-10-10,"956 Park Ave, Bangalore",Verified,2020-03-23,,3c41a642daa14f9b5ca242709f63a27b7926d6a83627b568aaad5ed95b4594f7,162,1900-01-01,9999-12-31,True
C042,Customer_42,customer_42@example.com,+91-8729825952,A0042,Female,1997-07-02,"403 Park Ave, Bangalore",Rejected,2022-10-09,,757567b95be8b1c79b70be8b89622903c1adfef3d757ccafffe925d25eea5fca,163,1900-01-01,9999-12-31,True
C6238,Customer_131,customer_131@example.com,+91-5135521570,A6238,Female,1967-08-14,"272 Brigade Rd, Delhi",Rejected,2026-01-11,,a1cdbfef14e354a1f54fab2bf85a9d933fc804abd13ac12a39461b520cd2d266,164,1900-01-01,9999-12-31,True
C132,Customer_132,customer_132@example.com,+91-0067626765,A0132,Female,1964-09-10,"560 Main St, Mumbai",Pending,2025-06-25,,c8aca2581560891a7bcc51c58cd3fa9513117791860ca84f5c116685576dba85,165,1900-01-01,2026-10-02,False
C2198,Customer_143,customer_143@example.com,+91-0571983863,A2198,Male,1959-06-04,"996 Church St, Delhi",Verified,2022-05-15,,f67a7da99a005b2102315dbe5c731e2c3e837e5e019db6d71a56558e31a53481,166,1900-01-01,9999-12-31,True
C106,Customer_106,customer_106@example.com,+91-9836403761,A0106,Male,2001-06-13,"247 Main St, Mumbai",Rejected,2019-02-19,,2163ee74f9adf7d7080fd9415931c79529b537491337550559cbd00e5d137424,167,1900-01-01,9999-12-31,True
C055,Customer_55,customer_55@example.com,+91-3272795687,A0055,Female,1974-10-24,"776 Park Ave, Delhi",Verified,2026-08-18,,024ef008caa062dec63532821d7125a01b26edf6269ab8497f06555e92ac8168,168,1900-01-01,9999-12-31,True
C089,Customer_89,customer_89@example.com,+91-2266093796,A0089,Male,1991-05-04,"399 MG Road, Delhi",Verified,2022-02-14,,6257c065dbf6e08076c417f2c7e8fae38ccf34cfbd624326a18a99f042036f5d,169,1900-01-01,9999-12-31,True
C054,Customer_54,customer_54@example.com,+91-0453017426,A0054,Female,2006-05-25,"703 Park Ave, Bangalore",Rejected,2020-04-25,,d0e9decc82b644b4a26972259d4a270d4eeb40e890e4ed6296b929e57f5ad369,170,1900-01-01,9999-12-31,True
C079,Customer_79,customer_79@example.com,+91-0158199560,A0079,Female,1964-04-07,"299 Main St, Pune",Verified,2025-04-10,,f6429cc70f6e387713d80f0c0fb0ac2c9d38eca12564090314275fa9557cedb8,171,1900-01-01,9999-12-31,True
C022,Customer_22,customer_22@example.com,+91-7065405153,A0022,Male,1990-01-11,"751 Station Rd, Mumbai",Rejected,2022-09-23,,f024f9aba7ba7b17bf39cc9ea0f407f10d588f0b459365e66f828974578b8957,172,1900-01-01,9999-12-31,True
C141,Customer_141,customer_141@example.com,+91-6162299911,A0141,Male,2001-11-18,"577 Church St, Mumbai",Pending,2025-01-02,,4fd8f1bef30546da5e18c1767e04ddba4d559eca5883a4c31c9044e79ce2ddd2,173,1900-01-01,2026-10-02,False
C138,Customer_138,customer_138@example.com,+91-5869380686,A0138,Male,1962-09-09,"989 Park Ave, Ahmedabad",Rejected,2021-08-23,,15312dd4459acc023fc3561b7f1a71a784038322b02faf810ef1ce45b3ccf45a,174,1900-01-01,9999-12-31,True
C153,Customer_153,customer_153@example.com,+91-3816846022,A0153,Male,1997-05-13,"206 Linking Rd, Pune",Rejected,2024-02-18,,4efed4ea10e0991111549cd571a52f543cb0b5c9f24271b92c4820e68151f337,175,1900-01-01,9999-12-31,True
C147,Customer_147,customer_147@example.com,+91-6029333346,A0147,Female,1957-06-18,"526 MG Road, Hyderabad",Pending,2020-06-25,,1ffed82b5cdd2b4edd97ba1e8c0af062a13d6fa3556533f8a9b0cbf8baca295d,176,1900-01-01,2026-10-02,False
C6243,Customer_50,customer_50@example.com,+91-7345401938,A6243,Female,1997-09-04,"757 Station Rd, Hyderabad",Verified,2026-04-02,,61692e7904e95ac33815cc69888c3edc2d7e030428764c8e7d74812675b145c7,177,1900-01-01,9999-12-31,True
C011,Customer_11,customer_11@example.com,+91-8207151820,A0011,Female,1997-09-02,"254 Station Rd, Ahmedabad",Pending,2024-11-16,,f12a225ae819860ad1f2b8a117a5142e30b9bbd39afc4a22a6628a4bc6bee674,178,1900-01-01,9999-12-31,True
C032,Customer_32,customer_32@example.com,+91-6691251778,A0032,Female,2002-02-28,"353 Brigade Rd, Chennai",Verified,2023-11-08,,df692f07cab8daff5bb8cbabb3780599a3cee4baefd8b2e8659b73920b42256d,179,1900-01-01,9999-12-31,True
C3202,Customer_48,customer_48@example.com,+91-4157473384,A3202,Female,1958-10-10,"956 Park Ave, Bangalore",Verified,2020-03-23,,ad7db8e23becc4b2182bcd0f462690db5ce3e2b22f8a291e5aa64229f31709ce,180,1900-01-01,9999-12-31,True
C143,Customer_143,customer_143@example.com,+91-7450544471,A0143,Male,1959-06-04,"996 Church St, Delhi",Verified,2022-05-15,,ad9b2088d97a3940c9dea7f41c3d654cd066e3409bb2d46ab9483eba0d5a91de,181,1900-01-01,9999-12-31,True
C142,Customer_142,customer_142@example.com,+91-6799702462,A0142,Female,1978-09-12,"634 Park Ave, Pune",Verified,2023-06-10,,3af539351501bce06c51ae4fff085997ea15f64dde376912b15a63f10901a017,182,1900-01-01,9999-12-31,True
C003,Customer_3,customer_3@example.com,+91-7976438156,A0003,Female,1993-01-15,"114 Linking Rd, Ahmedabad",Rejected,2026-06-25,,bc35f425148be2964907146ad97c742d08a303cf4d939fe47260692a6a4a3702,183,1900-01-01,9999-12-31,True
C096,Customer_96,customer_96@example.com,+91-1339596292,A0096,Male,1994-05-23,"804 Brigade Rd, Delhi",Verified,2025-05-24,,14b601e1d77511b855ca2306b44da337f79de1efe79e1bd8a9d2a76525e1cb36,184,1900-01-01,9999-12-31,True
C081,Customer_81,customer_81@example.com,+91-7993712406,A0081,Female,1977-02-14,"341 Church St, Pune",Pending,2023-12-09,,e4b5381f6df82ca313d1e35ee179f2f7fad9f1f6e7dac2c43a5e70e7c9b741b5,185,1900-01-01,9999-12-31,True
C2186,Customer_114,customer_114@example.com,+91-1994883755,A2186,Male,1990-12-20,"206 Linking Rd, Bangalore",Rejected,2025-12-25,,e6e129575fc8d5d6698fcb3df6a524863d8b5eff0e22470e23c2aebb6c090ec9,186,1900-01-01,9999-12-31,True
C1173,Customer_134,customer_134@example.com,+91-9970629620,A1173,Male,1985-04-26,"104 Linking Rd, Delhi",Verified,2023-08-04,,49a4576f30e76c89b6fa9d1da0da9538befad5941abecbfc271d72eef9a24057,187,1900-01-01,9999-12-31,True
C077,Customer_77,customer_77@example.com,+91-6629619431,A0077,Female,2004-08-12,"85 Linking Rd, Chennai",Pending,2026-02-09,,bb32f24c2a46a4d44429958a1eb7440f899a3c425ea8bccc220120f82e48e55a,188,1900-01-01,9999-12-31,True
C037,Customer_37,customer_37@example.com,+91-8815371473,A0037,Male,1988-03-29,"145 MG Road, Hyderabad",Pending,2023-04-23,,a720a8d42a8515897610627af1596f64dbe1f8ec492fe73165dcf777afd7970f,189,1900-01-01,2026-10-02,False
C163,Customer_163,customer_163@example.com,+91-1100225579,A0163,Female,1993-03-21,"275 Station Rd, Mumbai",Pending,2022-11-04,,ec34c59257405e7ddb8f5fefd537089f3f690f97cd68724c4fa3fe7c5ff88472,190,1900-01-01,9999-12-31,True
C076,Customer_76,customer_76@example.com,+91-1631599965,A0076,Female,1959-10-26,"31 Station Rd, Bangalore",Pending,2024-07-02,,1d82df6fa82d40b374830768a9bc90c89010ef63163f8cd7adff226d4f96874e,191,1900-01-01,9999-12-31,True
C140,Customer_140,customer_140@example.com,+91-6329451168,A0140,Female,1962-01-11,"407 Park Ave, Kolkata",Pending,2024-10-29,,3fdf329684ed9213d50e4b4ca1c65afc4b2e778e8c7f5750836fe69c3137fa1e,192,1900-01-01,9999-12-31,True
C3204,Customer_132,customer_132@example.com,+91-0067626765,A3204,Other,1964-09-10,"560 Main St, Mumbai",Pending,2025-06-25,,721b6a2c012e187b98bbe616316deefae5461d33257ece22b277dfde105dbbd9,193,1900-01-01,9999-12-31,True
C3203,Customer_45,customer_45@example.com,+91-2636897028,A3203,Female,1992-07-27,"213 Park Ave, Kolkata",Rejected,2024-05-13,,77b679f7aa064ad03764f87ca85907fbf4e0ebab5a219e2867df7c729b761965,194,1900-01-01,9999-12-31,True
C101,Customer_101,customer_101@example.com,+91-2424154152,A0101,Female,1973-02-24,"54 Main St, Bangalore",Rejected,2021-08-17,,07e196def8419d052248bf1bf68e1b841dfdc7078d08c0297981256c7c4e4225,195,1900-01-01,9999-12-31,True
C2191,Customer_81,customer_81@example.com,,A2191,Female,1977-02-14,"341 Church St, Pune",Pending,2023-12-09,PHONE_INVALID,0624b9df443003338745010fbea8177a6a58e319f5c570a0e1a017a2311b98a1,196,1900-01-01,9999-12-31,True
C035,Customer_35,customer_35@example.com,+91-9439690784,A0035,Male,1959-01-29,"658 Linking Rd, Ahmedabad",Verified,2026-09-06,,783f3e56eb667026bf48092e54a69c0de2dc5be9973727271b2a3f2020b7673c,197,1900-01-01,9999-12-31,True
C057,Customer_57,customer_57@example.com,+91-3971870728,A0057,Female,1965-06-05,"426 Main St, Hyderabad",Rejected,2024-03-08,,b57230ba370e68f7aeddcdae29ce5b47a7037336043781789e51496c3f0b8aff,198,1900-01-01,9999-12-31,True
C7244,Customer_40,customer_40@example.com,+91-5060983584,A7244,Female,1991-03-06,"76 main st, ahmedabad",Rejected,2022-02-19,,8ef5bf1bc5bcfe34be3d597e996bad801e2edb4c98b595d853493dc02c9c372e,199,1900-01-01,9999-12-31,True
C041,Customer_41,customer_41@example.com,+91-1655852398,A0041,Male,1966-07-18,"412 Park Ave, Hyderabad",Verified,2019-06-09,,20e581457aa52f87592b0a64baccd1cb18396bc5720302c79fcccb2925ab2918,200,1900-01-01,9999-12-31,True
C122,Customer_122,customer_122@example.com,+91-1070296670,A0122,Male,1984-09-29,"392 Station Rd, Pune",Verified,2022-12-20,,8000a681a6968c077b92c84bd20f383e2a3963ae35e730f09da08f1d6e941141,201,1900-01-01,9999-12-31,True
C008,Customer_8,customer_8@example.com,+91-2432921277,A0008,Male,1964-03-22,"773 Park Ave, Ahmedabad",Rejected,2025-05-01,,65bd6a142ec2c4bf90682d28e7c17dde624d66e41dab14d3ae67e0d34a37a426,202,1900-01-01,9999-12-31,True
C3210,Customer_143,customer_143@example.com,+91-7450544471,A3210,Unknown,1959-06-04,"996 Church St, Delhi",Verified,2022-05-15,,66dc59469cefdd3780a7a60dab658c191c9a1bf0a1427c03cd986369838c3852,203,1900-01-01,9999-12-31,True
C102,Customer_102,customer_102@example.com,+91-0371293870,A0102,Male,1963-07-16,"9 Station Rd, Kolkata",Verified,2023-09-26,,ea148cbd0b79f35025d0693958a3a6dda5ed20ea5a24b54fc7f6fd668b79155c,204,1900-01-01,9999-12-31,True
C098,Customer_98,customer_98@example.com,+91-5367294667,A0098,Male,1968-02-14,"78 Station Rd, Mumbai",Pending,2024-10-12,,776cc32893beecaf2866b8dc0ccfbe036763eeccfbe5364090b90b3de8774c91,205,1900-01-01,9999-12-31,True
C113,Customer_113,customer_113@example.com,+91-8635365419,A0113,Male,1958-03-04,"382 MG Road, Hyderabad",Verified,2021-07-03,,72a4f66f78c0e2f0deab94b53943a8a6e2537e91ee13de482314d6c28f84eb89,206,1900-01-01,9999-12-31,True
C2195,Customer_104,customer_104@example.com,+91-2288515879,A2195,Male,2002-08-05,"704 Main St, Delhi",Verified,2020-02-16,,aa404a3e8c9bc737f0530011c6dc0ece4079c513fb16af2eb0eb632d6f60b938,207,1900-01-01,9999-12-31,True
C073,Customer_73,customer_73@example.com,+91-1666870021,A0073,Male,1957-11-04,"512 Church St, Pune",Rejected,2022-09-18,,53db48f43d3db7bbab6d8e2c2c856504557b989ab0ad71772cb76cc828e42727,208,1900-01-01,9999-12-31,True
C023,Customer_23,customer_23@example.com,+91-8527722170,A0023,Male,1986-08-10,"301 Brigade Rd, Hyderabad",Verified,2019-06-21,,8f40953abd5a46032bc915b34af14e6e2d05b8ce782561699dd8eecd5f1c645a,209,1900-01-01,9999-12-31,True
C156,Customer_156,customer_156@example.com,+91-0335421689,A0156,Male,1956-08-10,"314 Brigade Rd, Mumbai",Verified,2022-05-06,,3836b5ca4042e641d6969db6128392489f4291f7885abb3220484090d9264066,210,1900-01-01,9999-12-31,True
C078,Customer_78,customer_78@example.com,+91-5110475412,A0078,Female,1983-05-30,"90 Brigade Rd, Pune",Pending,2025-03-31,,bab69f603b43e0dcf652a729389954e73696732ac633fa8c81b3e45f5ba130cb,211,1900-01-01,9999-12-31,True
C1175,Customer_25,customer_25@example.com,+91-2775841616,A1175,Female,1985-06-01,"617 Church St, Chennai",Rejected,2022-04-18,,f46d62a6d0f653519bd2ef43a230f8fb44241a416ff1a583748e1c2996309d6e,212,1900-01-01,9999-12-31,True
C3201,Customer_20,customer_20@example.com,+91-4341036971,A3201,Male,1964-12-22,"114 Church St, Ahmedabad",Rejected,2025-01-04,,4d99955dfdf4471d6ce670a1499d5672343820b092f409adcf562a332d5ef1e4,213,1900-01-01,9999-12-31,True
C075,Customer_75,customer_75@example.com,+91-6142939685,A0075,Male,1967-12-08,"394 Church St, Chennai",Rejected,2019-11-18,,7c4809e5aa0fcc80ebae68ef0f4de144edf6c23d84cbcd13995d5f657c17e645,214,1900-01-01,9999-12-31,True
C028,Customer_28,customer_28@example.com,+91-7557192856,A0028,Male,1968-10-06,"322 Station Rd, Bangalore",Verified,2020-04-09,,5210b3b03d463d11a33c96c1defb915c9229c57d4ed6abe31d2a831ce4b17530,215,1900-01-01,9999-12-31,True
C129,Customer_129,customer_129@example.com,+91-4522675289,A0129,Male,1985-03-12,"806 Linking Rd, Delhi",Rejected,2025-08-09,,317c1042c7f5aee80f7744022c438c7fd50f05f1b4eab87f8299ff0f8daaa22c,216,1900-01-01,9999-12-31,True
C092,Customer_92,customer_92@example.com,+91-9296627828,A0092,Female,1992-07-09,"171 Main St, Bangalore",Verified,2021-02-05,,c07142433f58ea03533bb03e298b0ebbb313e79bdd4ec9bc00f5ee1911fecb94,217,1900-01-01,9999-12-31,True
C019,Customer_19,customer_19@example.com,+91-5220472779,A0019,Female,1963-11-21,"6 MG Road, Hyderabad",Pending,2021-06-02,,83325c86eb705f820d6289e223cf5c92556638b1facde9b9af3c0728aede1494,218,1900-01-01,9999-12-31,True
C4717,Customer_24,customer_24@example.com,+91-6874034505,A4717,Female,,"280 MG Road, Kolkata",Pending,2023-06-27,DOB_MISSING,9fac48bceb2c4f3d26d17c31982157f292c4ff1bf9366a3a4348a55a809b5a41,219,1900-01-01,9999-12-31,True
C1179,Customer_89,,+91-2266093796,A1179,Male,1991-05-04,"399 MG Road, Delhi",Verified,2022-02-14,EMAIL_INVALID,6eaf5547c8971f161a08c891f049664ee0a2f0151b90298bcd51bc1eefe89673,220,1900-01-01,9999-12-31,True
C012,Customer_12,customer_12@example.com,+91-5466590515,A0012,Male,1987-08-25,"97 Park Ave, Pune",Pending,2021-10-29,,2ab0071eb2a9beb8a219be6147412a3c4f62a3a8bdb73066a971130f2e190b87,221,1900-01-01,9999-12-31,True
C150,Customer_150,customer_150@example.com,+91-8309652074,A0150,Male,1968-06-13,"266 Main St, Pune",Pending,2019-05-25,,2491d492a9700140461689f5357bac0e3a4c8d7753e30c18189fd7285b506231,222,1900-01-01,9999-12-31,True
C2190,Customer_128,customer_128@example.com,+91-3516091779,A2190,Female,1973-01-27,"867 Park Ave, Kolkata",Verified,2023-03-11,,e20604e72e636b900f33369e011911aefec93fa88755edc2848a4743a706e707,223,1900-01-01,9999-12-31,True
C2193,Customer_5,customer_5@example.com,+91-6934654722,A2193,Male,1989-02-09,"471 MG Road, Kolkata",Rejected,2023-10-25,,aed8acfe22770af941c5942494181e4e31cb85b9cad7d623aac80d2c22b6c6ac,224,1900-01-01,9999-12-31,True
C017,Customer_17,customer_17@example.com,+91-9240758181,A0017,Male,1972-11-30,"292 MG Road, Chennai",Pending,2024-01-15,,b0e314083edd252b06b3d497c0e97d93949248b729eb3e119af38772732ec24b,225,1900-01-01,9999-12-31,True
C159,Customer_159,customer_159@example.com,+91-6761847230,A0159,Male,1965-05-22,"309 Main St, Mumbai",Rejected,2024-11-01,,59058ef54215e34c6b0fe4af586f6e40e8363ea457d05712e0a5f304fc9ee961,226,1900-01-01,9999-12-31,True
C1184,Customer_157,customer_157@example.com,+91-9856257532,A1184,Female,2001-09-04,"971 Church St, Pune",Verified,2021-07-24,,1ba258431dd6cf0c1d65b3bdda18d3cfa97d90b0e21e79706b955dab985214b8,227,1900-01-01,9999-12-31,True
C165,Customer_165,customer_165@example.com,+91-7296590277,A0165,Female,2006-01-16,"116 Main St, Ahmedabad",Verified,2019-09-17,,abe79ba9b8a2b16dbdb68b0b7f16fb91e279bb34fb5550000e870719edaa5305,228,1900-01-01,9999-12-31,True
C002,Customer_2,customer_2@example.com,+91-7525459910,A0002,Female,1992-08-31,"160 Brigade Rd, Hyderabad",Rejected,2019-12-01,,9f52e88f00e3a4d4a3fc438d5e3d40168381111416ed703a20a44ee593c7c0e0,229,1900-01-01,9999-12-31,True
C137,Customer_137,customer_137@example.com,+91-5652704774,A0137,Female,1971-08-03,"232 Church St, Bangalore",Rejected,2019-09-10,,3d53ad4643e9568ea85eada56e12a591798b9bd19b747217c4871fa59794aa1e,230,1900-01-01,9999-12-31,True
C031,Customer_31,customer_31@example.com,+91-2370589578,A0031,Male,1973-01-11,"133 Park Ave, Mumbai",Verified,2022-06-20,,9fdfb649be3a92ca588e5b51583c1ee94c081621a01d758d6f06407c3434e1d2,231,1900-01-01,9999-12-31,True
C1172,Customer_133,customer_133@example.com,+91-1040541152,A1172,Male,1995-06-27,"910 Main St, Chennai",Rejected,2019-11-04,,86abd0474c3c17accd2242d298a43bbd06eb10bdd9a444a8942207b7cfc5b04c,232,1900-01-01,9999-12-31,True
C005,Customer_5,customer_5@example.com,+91-8388516060,A0005,Male,1989-02-09,"471 MG Road, Kolkata",Rejected,2023-10-25,,4d38d21719e7f16b8df2c849ba409f8793dfe328222b452b2821c0a62fa9f7ca,233,1900-01-01,9999-12-31,True
C111,Customer_111,customer_111@example.com,+91-0564814917,A0111,Female,1965-08-04,"467 Park Ave, Kolkata",Verified,2024-08-08,,e7fd15e85edd563655597f781db8cec7591ff01520bf5dacdd4ad14a3ebc73c4,234,1900-01-01,9999-12-31,True
C104,Customer_104,customer_104@example.com,+91-9092753269,A0104,Male,2002-08-05,"704 Main St, Delhi",Verified,2020-02-16,,7f444c63627775c56eec8dfd6bfe0b44fc149a0fb3fab2eff465a784e27035b8,235,1900-01-01,9999-12-31,True
C162,Customer_162,customer_162@example.com,+91-8114374470,A0162,Male,1963-01-30,"103 Church St, Chennai",Verified,2022-04-05,,070a0cd6df51952a7a7952c01a22732dac2335b9dc8ccd6da76e527d194afa43,236,1900-01-01,9999-12-31,True
C116,Customer_116,customer_116@example.com,+91-3836702410,A0116,Female,1964-04-29,"944 Brigade Rd, Pune",Rejected,2023-03-06,,31b8f6ad54f5d18eeefc0bf909534073085b05187ec6bc63fc3235d7fe14739f,237,1900-01-01,9999-12-31,True
C100,Customer_100,customer_100@example.com,+91-8929750017,A0100,Female,1985-04-20,"17 MG Road, Chennai",Pending,2024-02-13,,5d61dc1d2c6eb64b6ba5dde6424a08cde7866d08b5a6c3346e5ee2f071fdaabe,238,1900-01-01,9999-12-31,True
C3208,Customer_110,customer_110@example.com,+91-2102027588,A3208,Male,1982-09-30,"802 Church St, Bangalore",Verified,2023-03-04,,135c32e569ffdcd1d4c30f5715de3e91eb3aee3f3a2e881ffaa98abdf11e1bd3,239,1900-01-01,9999-12-31,True
C133,Customer_133,customer_133@example.com,+91-1040541152,A0133,Male,1995-06-27,"910 Main St, Chennai",Rejected,2019-11-04,,788dd4615d5d8af7fb4fc701c4dc3395fb993ec4ed549eed53beb867405fca15,240,1900-01-01,9999-12-31,True
C172,Customer_172,customer_172@example.com,+91-6943069523,A0172,Female,1988-12-26,"798 Brigade Rd, Bangalore",Verified,2026-10-01,,be284f0af6a90dc16a18d071eae0f2dd9adbef43d536d5b23f302c3a0410cdab,241,2026-10-02,9999-12-31,True
C064,Customer_64,customer_64@example.com,+91-7334270866,A0064,Male,2003-04-05,"941 Linking Rd, Pune",Verified,2021-09-21,,ef71f4fb71ba151c519e768f002e048a81b6570a7f513405d966cb2baac8447c,242,2026-10-02,9999-12-31,True
C185,Customer_185,customer_185@example.com,+91-2625918831,A0185,Unknown,2002-02-24,"746 Main St, Delhi",Rejected,2026-10-01,,b634694b4f4c85f0dcdb7ae896141c51c503d40ffb2c55eb15777422a71a7338,243,2026-10-02,9999-12-31,True
C044,Customer_44,customer_44@example.com,+91-5589799035,A0044,Male,1959-08-10,"557 Brigade Rd, Delhi",Verified,2019-03-19,,6939e19080b8bc1d3f45c1d494eda45e3b581fb6ea46647c5b5c18ef5662f29f,244,2026-10-02,9999-12-31,True
C186,Customer_186,customer_186@example.com,+91-2443435497,A0186,Male,1993-10-07,"371 Main St, Mumbai",Pending,2026-10-01,,81ca790301f652ab867a371af8198b04c091227c97ae1c7afbce556ed10ead41,245,2026-10-02,9999-12-31,True
C175,Customer_175,customer_175@example.com,+91-6020392213,A0175,Female,1963-01-25,"924 MG Road, Kolkata",Rejected,2026-10-01,,20a6685481cdb7b360f7e5608b5c6580533d431168ba504dd03c9bcdb32fc6e4,246,2026-10-02,9999-12-31,True
C117,Customer_117,customer_117@example.com,+91-8261990623,A0117,Male,1963-07-29,"299 Linking Rd, Kolkata",Verified,2022-08-29,,546b9fda5ec622ef77f8c63d8de3dec70d0a8ea32779d8eb4e5506bae58460d7,247,2026-10-02,9999-12-31,True
C183,Customer_183,,+91-9704937958,A0183,Female,1993-05-15,"937 Linking Rd, Mumbai",Verified,2026-10-01,EMAIL_MISSING,a8f83f383dff3043fdf5b7cf73ad3e736e6013b7248f4a51273a1ae34fc7cc46,248,2026-10-02,9999-12-31,True
C132,Customer_132,customer_132@example.com,+91-0067626765,A0132,Female,1964-09-10,"560 Main St, Mumbai",Verified,2025-06-25,,63ad151dfd29dcf72c6d83533bc69a2f2991e9dd2b5e6874062bd870daa8eb84,249,2026-10-02,9999-12-31,True
C060,Customer_60,customer_60@example.com,+91-4786863375,A0060,Male,1957-01-14,"890 Linking Rd, Mumbai",Rejected,2020-04-07,,1897c0c53d8fd01b305db7cc5f9e1102af68a11be722d8f0bbe543e72fe7bc7c,250,2026-10-02,9999-12-31,True
C141,Customer_141,customer_141@example.com,+91-6162299911,A0141,Male,2001-11-18,"398 Linking Rd, Delhi",Verified,2025-01-02,,ac9e47766b26efe2d2298f242b9d5425116167c8536cce612457542b59fb583f,251,2026-10-02,9999-12-31,True
C170,Customer_170,customer_170@example.com,+91-7110735128,A0170,Male,1976-10-24,"677 Church St, Hyderabad",Pending,2026-10-01,,8b0ac368f5b7c3bc0931433759e6ee1217289a1ae18b862571ac08264b753e92,252,2026-10-02,9999-12-31,True
C173,Customer_173,customer_173@example.com,+91-0064488548,A0173,Male,1969-07-26,"120 Park Ave, Hyderabad",Pending,2026-10-01,,9d61f116615737f545f25e48b291eef35e77b7271f78348f54a44efcea44cac2,253,2026-10-02,9999-12-31,True
C147,Customer_147,customer_147@example.com,+91-7684187677,A0147,Female,1957-06-18,"650 Station Rd, Kolkata",Verified,2020-06-25,,af10ff40b667e97da47159a0ec9f7b3db8fcf3aebad9957dec359831a9960506,254,2026-10-02,9999-12-31,True
C187,Customer_187,customer_187@example.com,+91-3802990348,A0187,Female,1971-03-31,"301 Main St, Pune",Verified,2026-10-01,,dfeda59f0053e3e952f3b585f10840439f39fcf1e2fe7595dd6d8c759cd3363b,255,2026-10-02,9999-12-31,True
C168,Customer_168,customer_168@example.com,+91-0390984685,A0168,Male,1998-12-04,"389 Station Rd, Chennai",Rejected,2026-10-01,,db517c6e946af07694a86ea6d0ada58c404e5aa62db8be5691eb20d86264ad26,256,2026-10-02,9999-12-31,True
C071,Customer_71,customer_71@example.com,+91-1730332496,A0071,Female,1998-10-08,"294 MG Road, Pune",Verified,2020-03-14,,c21384607d3f1e783090f63649f8594cda364ff2a6aa5da81d286667f1b5ca81,257,2026-10-02,9999-12-31,True
C174,Customer_174,customer_174@example.com,+91-2805376425,A0174,Male,2003-01-12,"571 Church St, Pune",Rejected,2026-10-01,,fd61c42f8952f37d9fce7f57db6655592f7de78091f68bfec6a4b3a24ceed921,258,2026-10-02,9999-12-31,True
C166,Customer_166,customer_166@example.com,+91-3181560542,A0166,Female,1992-04-14,"838 Park Ave, Bangalore",Pending,2026-10-01,,192326508f8ff4caa1840d5e7ef4122e0312b1de7734152f3834c64207151347,259,2026-10-02,9999-12-31,True
C181,Customer_181,customer_181@example.com,+91-0145792326,A0181,Female,2004-11-14,"721 MG Road, Ahmedabad",Verified,2026-10-01,,8e04dffd39cea8b43e3c761630477aeca6aa0740ca25a0e50cfe3cb3d9ac3fa7,260,2026-10-02,9999-12-31,True
C169,Customer_169,customer_169@example.com,+91-8709777795,A0169,Male,1996-06-12,"148 Main St, Delhi",Pending,2026-10-01,,5a9810d5da84add3ff71e02ae21f38fb19280786f04b627a1c2b6452577a9576,261,2026-10-02,9999-12-31,True
C051,Customer_51,customer_51@example.com,+91-7240049915,A0051,Male,1990-08-13,"288 Park Ave, Hyderabad",Verified,2024-08-27,,be3ec960ce52f3ec9c7ad7c766da6e43b45c19cde057460705bdfab17c4e97b4,262,2026-10-02,9999-12-31,True
C182,Customer_182,customer_182@example.com,+91-9679720925,A0182,Female,1964-02-23,"123 Church St, Chennai",Rejected,2026-10-01,,b421c7f9f2cfb914cbca475784e7e1a70bf3b63962bff2d4dda22fcd5a0c23d9,263,2026-10-02,9999-12-31,True
C176,Customer_176,customer_176@example.com,+91-9928798728,A0176,Male,1982-07-28,"821 Brigade Rd, Bangalore",Rejected,2026-10-01,,2fcbaadcac9ca8fc40f2c4aa8ffd5cb4d82c152ad0b52da73775172457575c9b,264,2026-10-02,9999-12-31,True
C109,Customer_109,customer_109@example.com,+91-5691463031,A0109,Male,2003-02-14,"96 Main St, Bangalore",Verified,2025-11-12,,a7b0087cec7217fc4fb3ba126579765318a312e819dea16080c03d6aa01db2a2,265,2026-10-02,9999-12-31,True
C045,Customer_45,customer_45@example.com,+91-5687094124,A0045,Female,1992-07-27,"213 Park Ave, Kolkata",Rejected,2024-05-13,,76db19ea4b4e647696664ab3e58c9ed3a9229533041d4c27cb4f734dc6dc54aa,266,2026-10-02,9999-12-31,True
C184,Customer_184,customer_184@example.com,+91-7149207574,A0184,Male,1987-10-16,"937 Brigade Rd, Bangalore",Rejected,2026-10-01,,d3a222227397e7ac60efed83ce929216d6106ac9bb3289dac5f5538fdf4373a3,267,2026-10-02,9999-12-31,True
C180,Customer_180,customer_180@example.com,+91-7854833095,A0180,Female,1972-09-19,"924 Brigade Rd, Delhi",Pending,2026-10-01,,b4d0ccffd06f5595127d9a0ce4e16077957dbc337c27f30011e4deb5ee5fb2a1,268,2026-10-02,9999-12-31,True
C178,Customer_178,,+91-4512022017,A0178,Female,1984-05-13,"69 Main St, Bangalore",Rejected,2026-10-01,EMAIL_MISSING,1624f794469d253f311c0ee5ccb442538cc51ba4ba36f4f7fce55fab1771eeb6,269,2026-10-02,9999-12-31,True
C007,Customer_7,customer_7@example.com,+91-1645352181,A0007,Female,2002-01-03,"544 Park Ave, Delhi",Verified,2022-12-09,,b1df902417cf77815fce5a29fe49452b1d1e99b4a9b89fa1fb3453b34786e5d9,270,2026-10-02,9999-12-31,True
C171,Customer_171,customer_171@example.com,+91-2432333023,A0171,Male,1982-08-18,"287 Main St, Hyderabad",Pending,2026-10-01,,acd7c6a41948850c53b30024304da944be6141c0cb2487439806b4d06b0714df,271,2026-10-02,9999-12-31,True
C037,Customer_37,customer_37@example.com,+91-8815371473,A0037,Male,1988-03-29,"145 MG Road, Hyderabad",Verified,2023-04-23,,8fb7201886b05931491b2677897f6ea944dfd6093051193f97eadaa64d11d038,272,2026-10-02,9999-12-31,True
C167,Customer_167,customer_167@example.com,+91-0797647545,A0167,Female,1973-08-10,"171 Main St, Delhi",Pending,2026-10-01,,a3b79cdbf389d4d8dbe29eefc6d04c46665fb927a6f6421a134c96afc063da90,273,2026-10-02,9999-12-31,True
C036,Customer_36,customer_36@example.com,+91-1027677359,A0036,Female,1995-09-09,"898 Brigade Rd, Mumbai",Rejected,2022-11-15,,290f5f6649b26365639117fe3116c07385bff7bdab2d32f1d5b0f07e403a8dee,274,2026-10-02,9999-12-31,True
C179,Customer_179,customer_179@example.com,+91-1046627501,A0179,Female,2000-02-17,"259 Linking Rd, Chennai",Verified,2026-10-01,,6228ff06b4ff578e7f929766acb22e894d964b241d98c105f09d306b4f2cf330,275,2026-10-02,9999-12-31,True
C018,Customer_18,customer_18@example.com,+91-1375060685,A0018,Male,1994-04-01,"242 Main St, Mumbai",Verified,2021-07-08,,956f1a6f98c2410d0ae1f7d736e4835f1f9ca46ca0d4d1eed0cd60f07b2430bc,276,2026-10-02,9999-12-31,True
C177,Customer_177,customer_177@example.com,+91-1796441603,A0177,Other,2005-06-11,"7 Main St, Hyderabad",Verified,2026-10-01,,e3f91462febe11702a2d833ab2e2b848483a2d3d77d8b72a53489c050bd48b8a,277,2026-10-02,9999-12-31,True
C154,Customer_154,customer_154@example.com,+91-9106573517,A0154,Female,1971-03-07,"516 Church St, Bangalore",Rejected,2020-10-10,,a9bc3b872c91ccc3eee74e6635ff9975cf399fb0abbb46698aa0b113cc98855e,278,2026-10-02,9999-12-31,True
