branch_id,branch_name,location,manager_name,opened_date,region,branch_type,contact_number,dq_flags,row_hash,branch_sk,valid_from,valid_to,is_current
B018,Branch_18,Ahmedabad,Manager_18,2009-08-03,South,Rural,+91-0260647468,,b0f7890ca104b07921daa71b2519d915b4f6c0085910dc9b2e73921646bad3db,1,1900-01-01,9999-12-31,True
B032,Branch_32,Kolkata,Manager_32,2018-01-18,South,Rural,+91-8236629946,,cea45a56b3b00989eded29ba7a79ef9e66cb63506e080be5a5b17cd89d17e28b,2,1900-01-01,9999-12-31,True
B003,Branch_3,Kolkata,Manager_3,2012-06-18,South,Urban,+91-3511615594,,f029f194a4f833b5e4c030f91eff41a78a73f804166e8c6b07bc6d454bbb5169,3,1900-01-01,9999-12-31,True
B001,Branch_1,Hyderabad,Manager_1,2012-05-03,East,Urban,+91-3218196001,,a8386c61d169ab62c374af0f9f6aa1237ffefd0514008a10ba7a639f756010a0,4,1900-01-01,9999-12-31,True
B070,Branch_70,Chennai,Manager_70,2018-05-23,East,Urban,+91-1745961586,,d344ef7b221e4f68d26518178513592cdf80676d9871f136a4daadca776f2f66,5,1900-01-01,9999-12-31,True
B288,Branch_13,Delhi,Manager_13,2013-12-25,North,Rural,+91-5787133150,,a9b417048495c5d647e2eb1994196ed596f3250b01051670d04079515e907012,6,1900-01-01,9999-12-31,True
B034,Branch_34,Mumbai,Manager_34,2012-09-23,West,Rural,+91-1343320037,,408ec677f6e9c79fcde468587b2e4ea154e8427d62896b2cda1e0148c044cfde,7,1900-01-01,9999-12-31,True
B033,Branch_33,Bangalore,Manager_33,2012-11-13,East,Urban,+91-6995777387,,9d50efb0e113b51fc5e911f41395ebc57ee0a83b5c415aca7c16625596cb07dd,8,1900-01-01,9999-12-31,True
B181,Branch_59,Chennai,UNASSIGNED,2011-12-01,West,Urban,+91-1024994717,MANAGER_MISSING,01e5845a1a822a034c391868a3e09a955d2a2ea485fb861bbfa863753f55adc3,9,1900-01-01,9999-12-31,True
B496,Branch_51,Bangalore,Manager_51,2016-07-21,West,Rural,+91-9042284210,,8afbb4510ebc92ff05d7202579b0a024e235916133be46d27c797cd0d26e5c7e,10,1900-01-01,9999-12-31,True
B041,Branch_41,Pune,Manager_41,2015-01-29,East,Rural,+91-2729806990,,3fb57c064099068661a571cfa1e2a67a6c30fdbc5ef8339482c14d32d664011e,11,1900-01-01,9999-12-31,True
B045,Branch_45,Chennai,Manager_45,2013-12-14,East,Urban,+91-9049663193,,3cdae6119c26c53db3e1dceb89d5b8cef29462c6275940248858b81dea4c1ac9,12,1900-01-01,9999-12-31,True
B061,Branch_61,Hyderabad,Manager_61,2012-02-02,West,Urban,+91-2787429671,,a22150273f5e3f97e8697f6b13a53cc60eb04517605d7518e364326d5a82e4f3,13,1900-01-01,9999-12-31,True
B286,Branch_20,Hyderabad,Manager_20,2022-10-12,North,Urban,+91-2191361939,,3a0bc4ce7556d3be3951933db595736e9863be3b11395746414898f49b476c67,14,1900-01-01,9999-12-31,True
B494,Branch_46,Bangalore,Manager_46,2005-06-06,East,Urban,+91-3171390053,,a2ba75769bb25a335b76fd7cd8a15cc56beaac8a353b61c6b627f1e17a27daf9,15,1900-01-01,9999-12-31,True
B016,Branch_16,Mumbai,Manager_16,2002-09-20,East,Rural,+91-5133387262,,5acca72afee7f2353b643b9957fe2e1dbef965f8faac6be3973ea8d7fecb29c3,16,1900-01-01,9999-12-31,True
B048,Branch_48,Kolkata,Manager_48,2011-01-05,North,Urban,+91-4737996507,,1e3476ad4e32219d74fe20503cbf849b96dc158226563d7504589b26baf696a6,17,1900-01-01,9999-12-31,True
B054,Branch_54,Chennai,Manager_54,2022-01-07,North,Urban,+91-0947775204,,0b33c06ac8a438f1c0ab8d6d9693687d58547cea31e4ad2bb2c6f8283d46c67f,18,1900-01-01,9999-12-31,True
B391,Branch_31,Hyderabad,Manager_31,2023-04-28,South,Urban,+91-5615951484,,837e925b0c21fc773d3343a2419f1b94f166f2aefa0d24bf37175693093f10b5,19,1900-01-01,9999-12-31,True
B285,Branch_76,Ahmedabad,Manager_76,2012-11-02,South,Urban,+91-9533942104,,63ab57dd9dae1379af5a33d0fabe57d91d14d2d61f97eed0bcc1966016492037,20,1900-01-01,9999-12-31,True
B601,Branch_47,Pune,Manager_47,2001-12-11,East,Rural,+91-2628498776,,159397c72ac6410cb6faae36e97e21df7227b539d9c6e1e7e67937845afcc191,21,1900-01-01,9999-12-31,True
B012,Branch_12,Mumbai,Manager_12,2021-10-19,East,Urban,+91-8227824896,,8038dcd675be209388aa23b3a6dbb51f347a01060087fe2239095514bfef6529,22,1900-01-01,9999-12-31,True
B029,Branch_29,Mumbai,Manager_29,2012-07-09,North,Rural,+91-8685014294,,0d4d213f2d838185c670f09557ce9a16e6d8f0f55d6e78b9772441411e0bced8,23,1900-01-01,9999-12-31,True
B020,Branch_20,Hyderabad,Manager_20,2022-10-12,West,Urban,+91-2191361939,,505997a093ca6b741a099d9be40419b190db3feb444a3eab8a77493b178bf000,24,1900-01-01,9999-12-31,True
B392,Branch_47,Pune,Manager_47,2016-03-31,East,Rural,+91-2628498776,,0fb8c601bc0c664c4bf0df7fa9a8a690c078f97fee163f2db553028f71d50831,25,1900-01-01,9999-12-31,True
B025,Branch_25,Hyderabad,Manager_25,2014-12-17,East,Urban,+91-4278680112,,393033fe2dba4b76289ec6a3e6f9604e82ee6f33e35bb2159502e8c4936da271,26,1900-01-01,9999-12-31,True
B035,Branch_35,Ahmedabad,Manager_35,2018-08-04,East,Urban,+91-6763201632,,8a46b5902d0bdde278ce501054836d4cc535a259b01e8725905223a82fb2c7a1,27,1900-01-01,9999-12-31,True
B050,Branch_50,Delhi,Manager_50,2018-03-25,East,Rural,+91-8377701436,,b017b54fe1fb4702cc044320c937e8a9f743e13638ca3f8b80401c613e5df15d,28,1900-01-01,9999-12-31,True
B023,Branch_23,Chennai,Manager_23,2019-08-28,North,Rural,+91-9808412411,,239cb8074ad4b5812bcf1e8e56695af8d4f854bcf5b7c1d35931878ce1babaa3,29,1900-01-01,9999-12-31,True
B060,Branch_60,Pune,Manager_60,2012-03-18,North,Rural,+91-7190659401,,0df37bf2c530fe51f1c2569614489f193f476f7feef5505180b1170b39dd7f20,30,1900-01-01,9999-12-31,True
B497,Branch_36,Hyderabad,Manager_36,2011-03-06,South,Urban,+91-5395024026,,695b9d653fa81a6a3b319a95c52897e65a67477d4f315ec52abe39a39420c0f1,31,1900-01-01,9999-12-31,True
B022,Branch_22,Hyderabad,Manager_22,2020-07-22,East,Urban,+91-1838425135,,667ee36374448890cd8feb741b6a57652d3ae3a265d37ecc9b79a324ecb450d4,32,1900-01-01,9999-12-31,True
B037,Branch_37,Ahmedabad,Manager_37,2007-02-20,South,Rural,+91-7434873471,,325aa7c41f796d6014b388404842767933cb11f8bc353fa6b87e845d74a1c122,33,1900-01-01,9999-12-31,True
B040,Branch_40,Kolkata,Manager_40,2013-05-24,East,Rural,+91-6889373467,,69b5ba1f158c08e5af397efac453dc3938900199ab2a9e8e5423ba7ff02579f1,34,1900-01-01,9999-12-31,True
B598,Branch_9,Pune,Manager_9,2023-01-08,East,Rural,+91-8480184514,,d065d50a1f77430f6ce211d9799eeb07f98482fee20219f3095565d5bed46552,35,1900-01-01,9999-12-31,True
B599,Branch_61,Hyderabad,Manager_61,2004-11-21,West,Urban,+91-2787429671,,ce7bb585a6c55a14aeae6094a99028cba57d3af86ed2bb8c0556ab2c01dfceec,36,1900-01-01,9999-12-31,True
B184,Branch_54,Chennai,UNASSIGNED,2022-01-07,North,Urban,+91-0947775204,MANAGER_MISSING,552e95edec0349206b424c973c472268a5243b2b448cadf2e910728a32cd0f9e,37,1900-01-01,9999-12-31,True
B495,Branch_8,Pune,Manager_8,2017-11-30,North,Rural,,PHONE_INVALID,72439304d4c978fbdeba7b68e1ff19409df9091b200f3b943e019b7521074483,38,1900-01-01,9999-12-31,True
B067,Branch_67,Pune,Manager_67,2015-03-31,North,Rural,+91-0449972787,,8368cee5fa8657096e3f38a3f72396d06024767ef4620ffc81de9877d80478a9,39,1900-01-01,9999-12-31,True
B076,Branch_76,Ahmedabad,Manager_76,2012-11-02,East,Urban,+91-9533942104,,bf98bcc0c4078d08b094f15de382023fde9462830fc8ad98917e1de96ee5d338,40,1900-01-01,9999-12-31,True
B046,Branch_46,Bangalore,Manager_46,2005-06-06,East,Urban,+91-5865185067,,211986a84dc268f6a6e4e933b864d0201913e19635dcfb8d67ce1d87240e52d3,41,1900-01-01,9999-12-31,True
B074,Branch_74,Ahmedabad,Manager_74,2012-11-25,East,Urban,+91-1759464743,,7f1837a16fd4578344a37d9e1472055da33f031e6f19ced045160fe3319d9174,42,1900-01-01,9999-12-31,True
B006,Branch_6,Delhi,Manager_6,2007-05-01,West,Rural,+91-6483503056,,11c81782764e376166ac2f3f5dfa0805a0bde2cd80976276f1476072b7a5f903,43,1900-01-01,9999-12-31,True
B005,Branch_5,Mumbai,Manager_5,2010-06-11,North,Urban,+91-6475255341,,aacc412702f27c0e73ba0e0ab2b01f7ffd7f9825dd636a792854cb0c1bf32088,44,1900-01-01,9999-12-31,True
B031,Branch_31,Hyderabad,Manager_31,2023-04-28,South,Urban,+91-5615951484,,837e925b0c21fc773d3343a2419f1b94f166f2aefa0d24bf37175693093f10b5,45,1900-01-01,9999-12-31,True
B064,Branch_64,Ahmedabad,Manager_64,2019-10-30,North,Urban,+91-3482477109,,dd7ac499e01601d140e5f410fbb1747412ecdca2d96e094fb7c4365cab205b2a,46,1900-01-01,9999-12-31,True
B289,Branch_63,Mumbai,Manager_63,2014-02-09,West,Rural,+91-5168087603,,67f4fa7a9e839dc2e858fde97e4d52552e663f135099d69eaace2bd84a5c5922,47,1900-01-01,9999-12-31,True
B024,Branch_24,Bangalore,Manager_24,2012-08-21,West,Urban,+91-5348740164,,ec04a6f463d66861c7910867aa3559cc1d0d786b6d05fba4cf2cef9a132b5507,48,1900-01-01,9999-12-31,True
B183,Branch_70,Chennai,UNASSIGNED,2018-05-23,East,Urban,+91-1745961586,MANAGER_MISSING,c21774bb428418a1580fa66b18d4228bc507d62b5b70a7f34db7547d823fc6d3,49,1900-01-01,9999-12-31,True
B043,Branch_43,Pune,Manager_43,2011-04-26,North,Urban,+91-7080531003,,9720ad282b2b4cbebe97baf89763a1beb9eb3d571f0005afb7ad9b2d7484b52d,50,1900-01-01,9999-12-31,True
B390,Branch_57,Delhi,Manager_57,2009-06-19,East,Rural,+91-1232812067,,e56125684710e01de1a7aeab1325f6ee377b9da96bc7fb53e977c9b2d0e7d4bc,51,1900-01-01,9999-12-31,True
B069,Branch_69,Pune,Manager_69,2006-10-28,South,Rural,+91-0289517187,,bf58ce0ef524c3a825cf4e51e2e17a8c6dbb197fdf8faa5d2cfc79d1952b5a3a,52,1900-01-01,9999-12-31,True
B021,Branch_21,Mumbai,Manager_21,2018-10-21,East,Rural,+91-4353462475,,20f43c24b8493198926b46a54a4ab7d2724ef00c27caf5d86c698db875992e1d,53,1900-01-01,9999-12-31,True
B007,Branch_7,Mumbai,Manager_7,2009-06-18,North,Rural,+91-3767242388,,f2d3767128745a6ffba72c99f4faa14aa6fd1af786c525cdeb0f6f91e4ff0f80,54,1900-01-01,9999-12-31,True
B047,Branch_47,Pune,Manager_47,2016-03-31,East,Rural,+91-2628498776,,0fb8c601bc0c664c4bf0df7fa9a8a690c078f97fee163f2db553028f71d50831,55,1900-01-01,9999-12-31,True
B027,Branch_27,Chennai,Manager_27,2010-08-14,South,Urban,+91-2602563421,,193e323abdf93be992a5cc92622368ac7a00c9798c8b02d6c32da9d5f649359f,56,1900-01-01,9999-12-31,True
B026,Branch_26,Kolkata,Manager_26,2006-08-23,East,Rural,+91-2045053315,,733c24f14151bf84d48b58605c6300b2ab657a4933db6b8ec51026224690796c,57,1900-01-01,9999-12-31,True
B066,Branch_66,Pune,Manager_66,2021-08-23,North,Rural,+91-3782639821,,5a760a7c7d18ef7ba30ade5d37a6299a45d58f5f650da5678b0d62ba2290dda0,58,1900-01-01,9999-12-31,True
B073,Branch_73,Chennai,Manager_73,2003-07-17,West,Rural,+91-9379237474,,8b9d42e039af8bd77897c3ae2af8f4a39464bd9a419bc8b978f95e25bd78b5c0,59,1900-01-01,9999-12-31,True
B044,Branch_44,Hyderabad,Manager_44,2006-11-01,West,Urban,+91-2719374529,,cc1e510ae80006a2dda3a69f1be13d60acf8752d52532cbf7c7ba08ba22d714f,60,1900-01-01,9999-12-31,True
B053,Branch_53,Mumbai,Manager_53,2008-09-15,North,Rural,+91-3524082400,,90454fd288b0dfcd26c83045c97ae219db0525c6b685cfed4bfd4ad599bb032f,61,1900-01-01,9999-12-31,True
B030,Branch_30,Mumbai,Manager_30,2019-06-29,East,Rural,+91-5698169340,,abed1fb4fec27547f3a6b338edc3dd6109b5a4d161f85d1a14fdaf91814eb079,62,1900-01-01,9999-12-31,True
B058,Branch_58,Bangalore,Manager_58,2001-06-18,South,Urban,+91-4471349361,,6ba77849f497a35890c880dee00f6b5b9b159de0571798ffb265c5eb01cc56dc,63,1900-01-01,9999-12-31,True
B072,Branch_72,Hyderabad,Manager_72,2014-07-20,East,Urban,+91-4556238692,,ba54df5212a7cb9093ed3da1c90c577de9c9c82e1d0be7f103e68117ada90e89,64,1900-01-01,9999-12-31,True
B028,Branch_28,Hyderabad,Manager_28,2021-02-10,South,Urban,+91-3754330365,,5c48784b1e557be5a31cb1fab85484fe45b660a697cfa9ab7632013386ea09f9,65,1900-01-01,9999-12-31,True
B015,Branch_15,Chennai,Manager_15,2021-03-15,West,Urban,+91-7631165667,,54da5693d35ac1de5255c535d95c79bf10406977078cf312582761f16ca9791a,66,1900-01-01,9999-12-31,True
B013,Branch_13,Delhi,Manager_13,2013-12-25,West,Rural,+91-5787133150,,29f3cff9906c3e90f36370daa87e42dd5a854ee48fa68813269dc9a4f840bece,67,1900-01-01,9999-12-31,True
B056,Branch_56,Pune,Manager_56,2010-02-14,East,Rural,+91-7749649909,,e45a6394d40b6b8596145dfc5582860c24c9987175c1b04b391d0969303934fd,68,1900-01-01,9999-12-31,True
B065,Branch_65,Chennai,Manager_65,2013-12-09,West,Urban,+91-8613171274,,472d4a3ab10e7d4a66dcf94816c4e3fd45f70638f8b15beb9d53ba6e8ccd12f0,69,1900-01-01,9999-12-31,True
B600,Branch_58,Bangalore,Manager_58,2022-08-07,South,Urban,+91-4471349361,,22da4c847eba6ca63f14f66b90e5326c13628abbfec259f7ce5ca19ca360f4b4,70,1900-01-01,9999-12-31,True
B038,Branch_38,Delhi,Manager_38,2012-03-09,North,Rural,+91-5812236231,,7baaaf303e363f0f141b1be9391d42d6320fdf2f59e220443bc9e6cec1e06258,71,1900-01-01,9999-12-31,True
B068,Branch_68,Kolkata,Manager_68,2016-12-02,North,Rural,+91-5339636057,,e8fecafd4dfe0034d2bff03ea82da4a497c6f0f688305962d82991e450196325,72,1900-01-01,9999-12-31,True
B077,Branch_77,Hyderabad,Manager_77,2016-05-13,South,Urban,+91-1456232858,,c203bf25c4a16fb3233d694bcbecb367809f42d9184b84b2301b201e55afbd33,73,1900-01-01,9999-12-31,True
B049,Branch_49,Chennai,Manager_49,2021-11-14,North,Urban,+91-5454948083,,b8f42977f1aab53b2438850131f3d2de4e6fa8c4b66fe327e467f52a20493d2b,74,1900-01-01,9999-12-31,True
B393,Branch_13,Delhi,Manager_13,2013-12-25,West,Rural,+91-5787133150,,29f3cff9906c3e90f36370daa87e42dd5a854ee48fa68813269dc9a4f840bece,75,1900-01-01,9999-12-31,True
B071,Branch_71,Ahmedabad,Manager_71,2001-08-11,North,Urban,+91-3431611724,,47005dd952209d4529a7f7d1d049baba0b936c80533d17028b6c101565858a87,76,1900-01-01,9999-12-31,True
B075,Branch_75,Ahmedabad,Manager_75,2004-10-13,South,Urban,+91-6959440640,,7bbe2f0165ce4a5d69b5bf3dd095db284fe5288a25136267fc0b498dd250502e,77,1900-01-01,9999-12-31,True
B036,Branch_36,Hyderabad,Manager_36,2011-03-06,South,Urban,+91-7278895798,,f83802d6a6f9e84411e82c9da0c5d0e0ecca964412c3f02b4c84230c1bbd1d82,78,1900-01-01,9999-12-31,True
B017,Branch_17,Ahmedabad,Manager_17,2011-03-16,North,Urban,+91-7810801326,,a53e43dd4ee8f1930f3bfa14d3b77bfc63a1c3f8061d63ca2fe87e1598761f93,79,1900-01-01,9999-12-31,True
B009,Branch_9,Pune,Manager_9,2017-02-12,East,Rural,+91-8480184514,,f8f0dc0612823b734113c4c6b30d9493007a7f7dcb94e351592df822fc3a303c,80,1900-01-01,9999-12-31,True
B019,Branch_19,Chennai,Manager_19,2008-07-08,South,Rural,+91-3098050097,,d26ecd7c9fd7149953a19bce3cf039e7004d5d9774c036854dbdc58471550455,81,1900-01-01,9999-12-31,True
B078,Branch_78,Chennai,Manager_78,2011-07-12,North,Rural,+91-4517123685,,6fe5d57fc51d76258cd9d4288b540c72a6758b64f335c87bea708d742143771c,82,1900-01-01,9999-12-31,True
B042,Branch_42,Pune,Manager_42,2006-02-01,East,Rural,+91-2046537556,,5eb5a358bab0600e80fb156e66075535aa0893dafb9976ea55695fe59dcdab5b,83,1900-01-01,9999-12-31,True
B011,Branch_11,Chennai,Manager_11,2023-10-16,North,Urban,+91-9570154303,,61f8e4f497a9cec4fcb06a77081e882970c27dcabcf9b15dfa1d996c3def1173,84,1900-01-01,9999-12-31,True
B010,Branch_10,Chennai,Manager_10,2020-05-08,South,Urban,+91-4828148932,,5d0b022b5d618d19f9257ffdb9cfbc047fbbd40fb5e61a412cd8ea61934fbac1,85,1900-01-01,9999-12-31,True
B057,Branch_57,Delhi,Manager_57,2009-06-19,East,Rural,+91-1232812067,,e56125684710e01de1a7aeab1325f6ee377b9da96bc7fb53e977c9b2d0e7d4bc,86,1900-01-01,9999-12-31,True
B063,Branch_63,Mumbai,Manager_63,2014-02-09,South,Rural,+91-5168087603,,6d5f858e96a406b3676349459393c9a10084ee448aa96a87fd3d98a8fc9dfe61,87,1900-01-01,9999-12-31,True
B014,Branch_14,Delhi,Manager_14,2000-04-27,West,Urban,+91-0310518347,,2ef63b3a32de441f4f07ac9aa7c6b59573da31f71a81db8a9642678f52c51255,88,1900-01-01,9999-12-31,True
B287,Branch_54,Chennai,Manager_54,2022-01-07,East,Urban,+91-0947775204,,f9333ba4660da6cc1c747e67ff290217ae5d59208356dd4d689fc0efc214d8b7,89,1900-01-01,9999-12-31,True
B055,Branch_55,Mumbai,Manager_55,2002-12-06,South,Rural,+91-7190229413,,b3653fc41d2d80284cbfc73e58205afa5c63b3d00834ff3fd6591644a94af9f5,90,1900-01-01,9999-12-31,True
B052,Branch_52,Delhi,Manager_52,2005-05-30,North,Urban,+91-5182337498,,11ef85e09ad43511d283596bd9a04007d32d4c68d61f130316f0aa09897b3101,91,1900-01-01,9999-12-31,True
B062,Branch_62,Kolkata,Manager_62,2018-04-26,South,Rural,+91-5125674680,,ec4755bef978ecd89560f60026e2d3f0182d76d58e83c39ebec36d8494b08aee,92,1900-01-01,9999-12-31,True
B008,Branch_8,Pune,Manager_8,2017-11-30,North,Rural,+91-3287101226,,001a56eb67edb5dfc9ca79e339925977bb926c8a57f92816eed24b95be43f11a,93,1900-01-01,9999-12-31,True
B004,Branch_4,Ahmedabad,Manager_4,2005-08-07,East,Rural,+91-1849593103,,6e0b7ea936f97ac51ea53f099ae355dce3d738451fbf69bed9f377b1700ddaba,94,1900-01-01,9999-12-31,True
B182,Branch_48,Kolkata,UNASSIGNED,2011-01-05,North,Urban,+91-4737996507,MANAGER_MISSING,0df14d9504244354b4bb4e361157315434eece8a384da300635bd1cf010e4d8f,95,1900-01-01,9999-12-31,True
B059,Branch_59,Chennai,Manager_59,2011-12-01,West,Urban,+91-1024994717,,31c3547d975be51ddcd61e10d7bd1a3a144cea9a06e8673117029e995c7bff56,96,1900-01-01,9999-12-31,True
B039,Branch_39,Pune,Manager_39,2014-11-04,South,Rural,+91-6036690967,,cb9f89dbc5b947b03d977f5f2d342d8d12cd4e1143417ce751f010fb832efa35,97,1900-01-01,9999-12-31,True
B901,Branch_901,Pune,Manager_901,2026-10-01,West,Urban,+91-2473650032,,2cf022d29e249250019f3d98079555da984be62729883fbedc3cae9ea6f6fe07,98,2026-10-02,9999-12-31,True
