product_id,product_name,product_type,price,launch_date,is_active,category,vendor_name,dq_flags,row_hash,product_sk,valid_from,valid_to,is_current
P078,Product_78,Credit Card,27844,2023-01-29,True,Retail,Vendor_78,,929efc3c6d59ddbb1433198a02334fa10a490d10ac65c4dd08de9314b0b587c7,1,1900-01-01,9999-12-31,True
P019,Product_19,Savings Account,46674,2014-02-28,True,Corporate,Vendor_19,,fa451e4d857b4ae4a2207471cfe297024d4e0790a24350ed86a37be797cf4e4e,2,1900-01-01,9999-12-31,True
P077,Product_77,Credit Card,30592,2017-04-01,True,Corporate,Vendor_77,,1b321d9d6e9e8d154323242fd2028d9e5121b4a267e5293ba56239720ee7e3dd,3,1900-01-01,9999-12-31,True
P094,Product_94,Loan,20094,2014-03-28,True,Corporate,Vendor_94,,4f8a8b403a2d1aa59fd471c6142576c389de6bbd44d3bcfe509a4b6e6c4b28ed,4,1900-01-01,9999-12-31,True
P047,Product_47,Loan,44562,2019-02-27,False,SME,Vendor_47,,0fac610dcab1edf3ce771ea1bd63daa85da7f4071b0207f5183a346fa48cce62,5,1900-01-01,9999-12-31,True
P068,Product_68,Loan,31197,2014-03-21,True,SME,Vendor_68,,74bc6b5b745ad275ca0636aad54da216f84f675fce9ffb8ad9f7b0344c410808,6,1900-01-01,9999-12-31,True
P090,Product_90,Fixed Deposit,30817,2020-02-10,False,Retail,Vendor_90,,4836691d8d59eaba9e1bc0b8def1646a1979f6624f7b078fb5d7fe41240da8f9,7,1900-01-01,9999-12-31,True
P095,Product_95,Loan,22736,2020-06-07,False,Corporate,Vendor_95,,6cac0d0938c9baa60306d95c952145a5a8154190bdc82cf3332556a03a507eb5,8,1900-01-01,9999-12-31,True
P027,Product_27,Loan,6771,2018-10-23,False,SME,Vendor_27,,d0bd67dc9a4989da868b35c91a3c146e654f598cbef701832a84ea0452dc4778,9,1900-01-01,9999-12-31,True
P041,Product_41,Savings Account,17311,2017-12-04,False,Corporate,Vendor_41,,744cdf7200f5ec1d96c578509b90e9e4e228307b1addea4aa1c2f4691de81ef2,10,1900-01-01,9999-12-31,True
P023,Product_23,Credit Card,44804,2022-11-30,True,SME,Vendor_23,,960c652406b79fe4a7432a6a895159f0b2d74f40437484f623cfd3c1ae93e5f5,11,1900-01-01,9999-12-31,True
P070,Product_70,Credit Card,16647,2015-01-26,False,Retail,Vendor_70,,d36328bb7815f1de3a65133fcd0a5bcffcc2d522b53b60b7f7c81b5223ad03dc,12,1900-01-01,9999-12-31,True
P048,Product_48,Credit Card,34049,2014-03-21,False,Retail,Vendor_48,,d54ba44148bf59f7ad376f42ed02c1363bd1b045b005e8ec17c1ae9d5107868e,13,1900-01-01,9999-12-31,True
P060,Product_60,Savings Account,974,2018-09-23,False,Corporate,Vendor_60,,e908e096dd1d8e96a428211e4da805d8c4ab6a938a4bc430b6c9f7246929be79,14,1900-01-01,9999-12-31,True
P712,Product_55,Savings Account,35686,2014-12-13,False,SME,Vendor_55,IS_ACTIVE_DEFAULTED,c21ad691aa9b49460b02413dd980d2640902cfb06ccbf9119e82a48c10b994d5,15,1900-01-01,9999-12-31,True
P611,Product_50,Loan,31431,2021-01-15,True,Retail,Vendor_50,,367275a8ffac3209f3e7140a2eaebbd86f489f2fc99e557df0938248544fc87e,16,1900-01-01,9999-12-31,True
P074,Product_74,Fixed Deposit,8145,2021-11-16,True,Corporate,Vendor_74,,e7864220a9efdb69670cab1dee4ca83eb8b114cc00196dac18cc1c7e1397f609,17,1900-01-01,9999-12-31,True
P046,Product_46,Savings Account,17096,2015-07-08,False,Corporate,Vendor_46,,747f8f095a676c3761b3af8082a2f06d66b170495876fbf9794e8d9f06649905,18,1900-01-01,9999-12-31,True
P050,Product_50,Loan,31431,2021-01-15,False,Retail,Vendor_50,,bcb4373c4edf7855e441bf8e441645df9ea27f3bda9c27250fe923834a87ff5a,19,1900-01-01,9999-12-31,True
P081,Product_81,Fixed Deposit,24000,2025-09-07,False,SME,Vendor_81,,506f2c3630c1154ed8b918b9073c3d6193b86aec0674a799685267e82c612a8f,20,1900-01-01,9999-12-31,True
P021,Product_21,Credit Card,7185,2017-06-21,False,Corporate,Vendor_21,,130b787e485224feeb1c8bf146ecba29cd26fe683cd7d87bb30a5f42ec318cd7,21,1900-01-01,9999-12-31,True
P065,Product_65,Credit Card,29738,2018-01-13,True,Corporate,Vendor_65,,2ce5eaec2d5f53f1f1fe1c57397985c00a795285f4e799e621b3a7b3be4e20d4,22,1900-01-01,9999-12-31,True
P011,Product_11,Savings Account,1285,2018-07-16,False,Retail,Vendor_11,,e5266ef6e6ccf6176f7dd0a612e89d22e7cb0e9109ae347ea0bae585f91eaca9,23,1900-01-01,2026-10-02,False
P062,Product_62,Credit Card,15741,2020-01-16,False,Corporate,Vendor_62,,62502e6ab4e9f9db4c63cf308eb480429db02905b496e8cef567f0705183ec1b,24,1900-01-01,9999-12-31,True
P033,Product_33,Fixed Deposit,28968,2014-03-29,True,Corporate,Vendor_33,,898d122808fe6882a2e874c5d7b9e0c852f647ff4a52e492664327980ebc8706,25,1900-01-01,9999-12-31,True
P034,Product_34,Credit Card,12962,2014-10-03,True,Corporate,Vendor_34,,d76de528d17b085b6d42a8ecd370274e53e8669cfffeb4db247a077711bdc60f,26,1900-01-01,9999-12-31,True
P036,Product_36,Savings Account,10518,2015-12-13,False,SME,Vendor_36,,5329b41f24b6f9b707580e06f1a58d449257d0ed8f28c876651885c3e279eca9,27,1900-01-01,9999-12-31,True
P061,Product_61,Savings Account,21527,2022-02-10,False,Retail,Vendor_61,,8bf80bfc72c70ab63ea53258eef99ee56a57cfd90fcf5299fb3d5c8f067a648c,28,1900-01-01,9999-12-31,True
P055,Product_55,Savings Account,35686,2014-12-13,False,SME,Vendor_55,,c21ad691aa9b49460b02413dd980d2640902cfb06ccbf9119e82a48c10b994d5,29,1900-01-01,9999-12-31,True
P043,Product_43,Savings Account,33838,2019-10-13,False,Corporate,Vendor_43,,8d63fe3c40c42b32f7f8c5e8a1bad9e04974d5275572bc833f57b7fa400c5436,30,1900-01-01,9999-12-31,True
P093,Product_93,Fixed Deposit,20376,2022-03-16,False,SME,Vendor_93,,42375b478f1d991c3deb3ff5129bcdc6b2985091a2875eed45908f1a9d2d4599,31,1900-01-01,9999-12-31,True
P092,Product_92,Credit Card,22952,2024-10-20,True,Retail,Vendor_92,,b0f060a8b27ad4378e46a37f4c4ac62dd02c4ba763198f4f51a8e5bc7dffebee,32,1900-01-01,9999-12-31,True
P066,Product_66,Loan,6745,2020-01-21,True,Corporate,Vendor_66,,da70bd51578b6d06a081f9cc60b352e6c02354336448806098e2640b26c05bea,33,1900-01-01,2026-10-02,False
P056,Product_56,Credit Card,32466,2020-02-29,False,Retail,Vendor_56,,1839d5e2831ee653e5095241974df9647b32eb05eff3e4e7b855be5ed2655a2a,34,1900-01-01,9999-12-31,True
P039,Product_39,Credit Card,47788,2021-10-22,False,SME,Vendor_39,,90bdd6695bd014aeecfed885151c1ae235ad6ddba3374200f1c83aa95285c2a6,35,1900-01-01,9999-12-31,True
P029,Product_29,Loan,31111,2023-10-07,True,Retail,Vendor_29,,cd53b23dad682dee75c07a8134fd3538e35daecb7251de658159965054bb03d1,36,1900-01-01,9999-12-31,True
P085,Product_85,Fixed Deposit,36142,2015-03-17,True,SME,Vendor_85,,d31d20a8d077e7d99a15f22cced69096c39cf120807fe6903ccd5515759b5a23,37,1900-01-01,9999-12-31,True
P016,Product_16,Fixed Deposit,25184,2021-11-11,True,SME,Vendor_16,,4adf5a84cefc9e422762fd26fd97d5a2a5bb2cc5d3cddb6a77fba96ddcfe5053,38,1900-01-01,9999-12-31,True
P008,Product_8,Loan,27120,2017-03-15,True,Corporate,Vendor_8,,fd78d5274fa1e4ba83907f7a702b31d51b9fe517403ff92d8a76b0122a29bf15,39,1900-01-01,2026-10-02,False
P001,Product_1,Loan,27372,2021-05-29,True,SME,Vendor_1,,be9186c03c5078e550e003142ef7311804cc6811dd26bcdb8e784fa106a50024,40,1900-01-01,9999-12-31,True
P086,Product_86,Savings Account,7011,2019-11-21,True,Retail,Vendor_86,,2c2128bbf1a094876585d384ce11b1325fc673ad667bfca2a732ddce4461f164,41,1900-01-01,9999-12-31,True
P075,Product_75,Loan,18852,2021-12-19,False,Corporate,Vendor_75,,94d356b7ffc58b19bfff8efa6fb1f3e2e64aee381afe5b3c5317e4c6772f2efe,42,1900-01-01,9999-12-31,True
P013,Product_13,Savings Account,6307,2024-10-25,True,Corporate,Vendor_13,,4a6fb33c9742a0aba5da7fdb98502145626d8c152bfc9ba0ba6fc62c861e4b08,43,1900-01-01,9999-12-31,True
P071,Product_71,Loan,4134,2018-11-01,False,SME,Vendor_71,,a261617b552d427f9b93e863051e719279065e0dcba437adf072bb22bdabaefd,44,1900-01-01,9999-12-31,True
P713,Product_81,Fixed Deposit,24000,2025-09-07,False,SME,Vendor_81,IS_ACTIVE_DEFAULTED,506f2c3630c1154ed8b918b9073c3d6193b86aec0674a799685267e82c612a8f,45,1900-01-01,9999-12-31,True
P076,Product_76,Fixed Deposit,48468,2024-01-10,True,SME,Vendor_76,,3d3a825ad0d59b7ca8a22b4cb7daf7cc11e5db8877e2f6098020b6a3acad5c24,46,1900-01-01,9999-12-31,True
P005,Product_5,Loan,3864,2017-09-24,False,Retail,Vendor_5,,03ddfb773269fb4139373f18da3cba86a350a21c7d4e3793c25c2963fb45f1d3,47,1900-01-01,9999-12-31,True
P026,Product_26,Loan,43406,2016-09-02,True,SME,Vendor_26,,0db3c5f18db27c320a304d46bd8c1bba776d842a12c35c17d732b5b46a490074,48,1900-01-01,9999-12-31,True
P610,Product_83,Loan,43586,2019-08-24,True,Retail,Vendor_83,,21038c589d5f4c4d3b2d95c3264c9c9c6eb6afc1be5d8b2aace019edb5936af3,49,1900-01-01,9999-12-31,True
P004,Product_4,Loan,9029,2025-07-01,True,Corporate,Vendor_4,,0bf42f755b515d05ce066661524ba0ac16e068a412c6b5b95a60f9a138872bf2,50,1900-01-01,2026-10-02,False
P010,Product_10,Savings Account,15261,2022-06-26,False,Retail,Vendor_10,,26664649777196a91dcc49d42bf5fe8a1dfae1d5691ea4c974aca3414df292f6,51,1900-01-01,9999-12-31,True
P049,Product_49,Credit Card,6295,2022-12-13,False,Retail,Vendor_49,,5dd21d567968b297a3e39ad820a5849d816512e161bafc5096a7b36a67b0f5f1,52,1900-01-01,9999-12-31,True
P006,Product_6,Fixed Deposit,39479,2014-06-02,False,Retail,Vendor_6,,dd6ac65fb260bdd1f7b1f21e9bffb81b7819f02860e2c6c3dde4051ee2427a9f,53,1900-01-01,9999-12-31,True
P022,Product_22,Credit Card,17324,2023-07-02,False,Corporate,Vendor_22,,a49a0811a5f3f9a0bfe331f887c02b5b6e491c7fa51016a9beaa74e08150186e,54,1900-01-01,9999-12-31,True
P506,Product_48,Credit Card,34049,2014-03-21,False,Retail,Vendor_48,,d54ba44148bf59f7ad376f42ed02c1363bd1b045b005e8ec17c1ae9d5107868e,55,1900-01-01,9999-12-31,True
P087,Product_87,Fixed Deposit,20474,2019-02-22,True,Corporate,Vendor_87,,e9c14b6d9b1ab1055a019bec41b3f39160d1bda648931eb0510457b1d65527a6,56,1900-01-01,9999-12-31,True
P045,Product_45,Fixed Deposit,44868,2024-05-02,False,SME,Vendor_45,IS_ACTIVE_DEFAULTED,1efa0b6c0a32a68a667e5ba321f02a7de4ff371bc607d02342156d430a1b7fcc,57,1900-01-01,9999-12-31,True
P072,Product_72,Savings Account,29681,2021-07-04,False,SME,Vendor_72,,3d54858b118ca1ab6693bb238dd332637654accce856b661ddcd7b69d8c5bfee,58,1900-01-01,2026-10-02,False
P609,Product_95,Loan,22736,2020-06-07,False,Corporate,Vendor_95,,6cac0d0938c9baa60306d95c952145a5a8154190bdc82cf3332556a03a507eb5,59,1900-01-01,9999-12-31,True
P032,Product_32,Credit Card,46835,2015-04-16,True,Corporate,Vendor_32,,f78d08c9c91f3f4dfe894686006929fc14f043966bd97e99cc7efa435c303810,60,1900-01-01,9999-12-31,True
P052,Product_52,Loan,15591,2019-06-06,False,Retail,Vendor_52,,fb2149741e6f6b8a9f0e5ef5e13b81599f261fe088c66e770c9a487dc7bafa7e,61,1900-01-01,9999-12-31,True
P051,Product_51,Credit Card,12178,2018-04-07,False,Corporate,Vendor_51,,3c19efdf01f6df567d01bd8a534318a2b8611964469511fa47fcb6a19186d623,62,1900-01-01,2026-10-02,False
P040,Product_40,Loan,39938,2018-05-13,False,SME,Vendor_40,,00004c98c268caebc44a73a9a315165ea66b2a7a41d84c45ff8c7cb45c4a8b0a,63,1900-01-01,9999-12-31,True
P054,Product_54,Savings Account,8056,2015-10-05,False,Corporate,Vendor_54,,326f804c6c380344e0a3123efa544cd486c4f70eeb58e519a9e4fe59976ac639,64,1900-01-01,9999-12-31,True
P044,Product_44,Fixed Deposit,24912,2024-11-05,True,SME,Vendor_44,,f8a3c590e2800e0d377a446737660d54984ec94e7b7b978146e81b8e46f58d0e,65,1900-01-01,9999-12-31,True
P028,Product_28,Savings Account,10734,2022-09-23,True,Retail,Vendor_28,,0e8783f91faca7f2e18b4b991334facb0350a089bcf2eb543eb78186796ae4b2,66,1900-01-01,9999-12-31,True
P064,Product_64,Loan,27665,2022-05-08,False,SME,Vendor_64,,ed6c433a5ca76db4865e6e69c0017fed95c74d09a9d52d2ff074051c80d3b095,67,1900-01-01,9999-12-31,True
P073,Product_73,Credit Card,36923,2019-10-13,False,Retail,Vendor_73,,c4a74148002f318e2d572a95b1e2f29c0e202957f9b3e36841a4057c7ee335f0,68,1900-01-01,9999-12-31,True
P083,Product_83,Loan,43586,2019-08-24,True,Retail,Vendor_83,,21038c589d5f4c4d3b2d95c3264c9c9c6eb6afc1be5d8b2aace019edb5936af3,69,1900-01-01,9999-12-31,True
P012,Product_12,Savings Account,11827,2024-09-03,True,Corporate,Vendor_12,,c34fa32ae4e655fec19a87df31b67b9c52b8d32a9c2e4490ac94d8ac390dd250,70,1900-01-01,9999-12-31,True
P030,Product_30,Credit Card,14733,2022-04-26,True,Corporate,Vendor_30,,652a7bf29988843aa3ed4a64959c10c9cd13df24bd9fb03a8ed986a13b28eb14,71,1900-01-01,9999-12-31,True
P057,Product_57,Credit Card,26275,2018-12-25,True,Retail,Vendor_57,,22a2ff5379978e0afd89f063510d510f2516b5ee12a7e2a6b1109dfd15be79d0,72,1900-01-01,9999-12-31,True
P017,Product_17,Loan,16880,2024-09-13,True,Retail,Vendor_17,,5f371f7c4bf866aa13d13a051d5ed31668d96242f519a0ed6faa59c63627342f,73,1900-01-01,9999-12-31,True
P507,Product_25,Credit Card,38056,2021-09-21,False,Retail,Vendor_25,,6cdf1d43ecd7e40ce6b0d791f6d98d93d51f7f82909d89ff4a9b39fc4bc9022b,74,1900-01-01,9999-12-31,True
P504,Product_1,Loan,27372,2021-05-29,True,Corporate,Vendor_1,,4e3da9ff5b341ee53f364a7ded70c0f61058803c0b1a362dd0e52ced4f77ebd9,75,1900-01-01,9999-12-31,True
P014,Product_14,Savings Account,44670,2023-09-05,False,SME,Vendor_14,,b5805ef0a285cc411faf4274dd831899f04a10d71c281fece45452a4dd9df146,76,1900-01-01,9999-12-31,True
P608,Product_92,Credit Card,22952,2024-10-20,False,Retail,Vendor_92,,d617844cdf0c12f488bab0af7cf1e6b46d7c0cf735f18f9dfb6056ae07ea9488,77,1900-01-01,9999-12-31,True
P401,,Loan,34130,2014-05-06,True,Retail,Vendor_38,,f6db0e45a067466d3b6f3559b8930a8a1cd2d7af355e1db0fb19f548b48ff290,78,1900-01-01,9999-12-31,True
P007,Product_7,Loan,29638,2024-07-28,False,Retail,Vendor_7,,846cde67772457969126f195ab317c0af4bf724e30b03a60477d20ca65c45c3d,79,1900-01-01,9999-12-31,True
P020,Product_20,Savings Account,24777,2018-08-10,False,SME,Vendor_20,,b624758e4656c5bdd24df4a987bb5c1fad1f6dadbd3af2f720350eb2d4742943,80,1900-01-01,9999-12-31,True
P003,Product_3,Fixed Deposit,1671,2019-06-20,True,Retail,Vendor_3,,39325c9c9afded39236e36d71d60b1526da3ab233ce8d346bf4a3361447b9d2e,81,1900-01-01,9999-12-31,True
P042,Product_42,Savings Account,36810,2015-08-16,False,SME,Vendor_42,,d0adcfa456d04682508ab897c799d397d31371187559cfb216df0b7df88000e3,82,1900-01-01,9999-12-31,True
P091,Product_91,Loan,38920,2024-03-29,False,Corporate,Vendor_91,,50bea204068ddfb4c1388feca7da574679002885965402f16b07e945a138c0a9,83,1900-01-01,9999-12-31,True
P058,Product_58,Fixed Deposit,31547,2014-09-24,False,SME,Vendor_58,,a53f28e27e0cf0f7ceacf3f6ab9a74a4593874cff7af1af0c16be3f7be1ec6da,84,1900-01-01,9999-12-31,True
P080,Product_80,Credit Card,46758,2020-01-01,False,SME,Vendor_80,,cab72db37ae07f2ca2efde4e9cf7d1dbf53e9077574411f8041d47243dba3e0c,85,1900-01-01,9999-12-31,True
P059,Product_59,Loan,30162,2016-09-13,False,SME,Vendor_59,,b9fe87e351d910535faec4ed4578744701d54626681837729d65594647e50cd9,86,1900-01-01,9999-12-31,True
P082,Product_82,Loan,12251,2014-07-09,True,Corporate,Vendor_82,,f569362f06c20adb0325983b9e0266aeaa0c17a441edda55c9221416b94188ac,87,1900-01-01,9999-12-31,True
P015,Product_15,Savings Account,45920,2025-11-19,False,Retail,Vendor_15,,1d82ae7ac954c4e758e0dd148df1ffb9edf76f9e38003c20f6f0a7b9689d2a20,88,1900-01-01,9999-12-31,True
P038,Product_38,Loan,34130,2014-05-06,True,Retail,Vendor_38,,a631745597a042f7618779a0543574b1f8390ca798b0fdb53b3c72e1d08779c7,89,1900-01-01,9999-12-31,True
P018,Product_18,Credit Card,39409,2023-03-02,False,Retail,Vendor_18,,0c79d7c9851e18a1db10e927449b97dc8365635496a9faf1e1d373b5fb08dc62,90,1900-01-01,9999-12-31,True
P024,Product_24,Fixed Deposit,11912,2022-04-21,False,SME,Vendor_24,,9831b4eb4f79da412c3ce14bb6fa3f305ac620b4467820ca74ac7d4c600f4314,91,1900-01-01,2026-10-02,False
P009,Product_9,Credit Card,11191,2021-09-08,False,Corporate,Vendor_9,,65dd175e2fe61bd6e4930e73da4a94a7cfa3bb591666a3a7ec38771db5808b03,92,1900-01-01,9999-12-31,True
P025,Product_25,Credit Card,38056,2021-09-21,False,Corporate,Vendor_25,,1d93fcafc28153640ebfeafe6180acbc42278df1b7c3d50c27eb05c0f4818d5b,93,1900-01-01,9999-12-31,True
P053,Product_53,Loan,13488,2019-08-08,False,Retail,Vendor_53,,98a59852448092604842ce3ef35ddec019cfba7dd3f0b1e19b83151e57f4db3d,94,1900-01-01,9999-12-31,True
P505,Product_71,Loan,4134,2018-11-01,False,Corporate,Vendor_71,,0744137dceb7690b3285775c8ca88cec2fce9c20fca4bdb85b271f106efaaefd,95,1900-01-01,9999-12-31,True
P069,Product_69,Fixed Deposit,9012,2025-08-06,False,SME,Vendor_69,,23259c544d56ac0f516b93e6ede2eb3d4cf891d95606589dc9d71ef5e65a9b4f,96,1900-01-01,9999-12-31,True
P084,Product_84,Loan,26220,2016-04-23,True,Retail,Vendor_84,,d2fab57d27a32cc7a00d7cb44d436568d9e41ed16c9aa94e84228905cb207dbf,97,1900-01-01,9999-12-31,True
P037,Product_37,Credit Card,44086,2022-11-12,False,Corporate,Vendor_37,,b956528c38354938f16b5187dbc463f6db998f67798a1397174311d6916db060,98,1900-01-01,2026-10-02,False
P035,Product_35,Loan,44372,2014-10-23,False,Retail,Vendor_35,,b29d92c784d2db749657b4b6331cb1130a87a73ab2e341f2cf696a9c3354ea49,99,1900-01-01,9999-12-31,True
P088,Product_88,Credit Card,29242,2016-11-01,True,Corporate,Vendor_88,,8cb05c9effa293153165549708d44496116a72104fd0cf2fdd3fb54e246a0621,100,1900-01-01,9999-12-31,True
P503,Product_30,Credit Card,14733,2022-04-26,True,Corporate,Vendor_30,,652a7bf29988843aa3ed4a64959c10c9cd13df24bd9fb03a8ed986a13b28eb14,101,1900-01-01,9999-12-31,True
P079,Product_79,Loan,22719,2019-02-13,False,SME,Vendor_79,,3eaedc0e8de8f28c326b50457c3b7611f871d324b95f88cd2a52d3ff3483e23f,102,1900-01-01,9999-12-31,True
P402,,Credit Card,30592,2017-04-01,True,Corporate,Vendor_77,,11c946fa6be3cde77826d6807f6ca304ad5a75c7d7bc6e758d25b7977ea61165,103,1900-01-01,2026-10-02,False
P067,Product_67,Fixed Deposit,25161,2018-05-26,True,Corporate,Vendor_67,,6e0a5bd995a065e3e37c03b8a69cb778564449c366c8faa4c87ed550a47906ba,104,1900-01-01,9999-12-31,True
P031,Product_31,Savings Account,47680,2022-08-15,False,Corporate,Vendor_31,,38b06ec3217bde9f588ca3c0162b033e9617bc209e37ff08720e3764570e72c0,105,1900-01-01,9999-12-31,True
P024,Product_24,Fixed Deposit,12412,2022-04-21,True,SME,Vendor_24,,bf2e253d5d39827407bbc23d3341c4631b07cfdc4ed93b988c1d06de057795ec,106,2026-10-02,9999-12-31,True
P072,Product_72,Savings Account,31181,2021-07-04,True,SME,Vendor_72,,36a2c1e0cf5a2886a4c9a2cff488ae88f1f98e2e5276a5883e767d592a1e2c4c,107,2026-10-02,9999-12-31,True
P011,Product_11,Savings Account,4285,2018-07-16,True,Retail,Vendor_11,,5effd38f559d365d5d0fb18afe83c1629cff4abf3ddc6a7a1bba7be76814cdec,108,2026-10-02,9999-12-31,True
P037,Product_37,Credit Card,42086,2022-11-12,True,Corporate,Vendor_37,,bc9c4024dd05ad859e3923852d7f3d5b057ad6bb90dcb684c694cbaa32e6886e,109,2026-10-02,9999-12-31,True
P004,Product_4,Loan,7029,2025-07-01,False,Corporate,Vendor_4,,3e9c9a0e6e11d416ae219af9287fe68a4a17a268bc15601b7a0f4c5e55a9818e,110,2026-10-02,9999-12-31,True
P008,Product_8,Loan,25120,2017-03-15,False,Corporate,Vendor_8,,baa4ca775ea730135cf98e71c7a9d008280b7969682b3a663b2058cfd8eab42d,111,2026-10-02,9999-12-31,True
P299,Product_2,Fixed Deposit,100,2018-09-23,False,Corporate,Vendor_2,,3039c2b5787257f58d22f5acb103a0b8c4904ef0fae55f934b73d9cf6854210c,112,2026-10-02,9999-12-31,True
P066,Product_66,Loan,7245,2020-01-21,False,Corporate,Vendor_66,,453c85b4f1a2d30a7830477a1ce65d7896711d19e1eab600b6ea23a6622c995f,113,2026-10-02,9999-12-31,True
P051,Product_51,Credit Card,11678,2018-04-07,True,Corporate,Vendor_51,,565515bc3974f6605080c8252cb9617604e522e55ab0cec9b523d6498415b718,114,2026-10-02,9999-12-31,True
P402,,Credit Card,33592,2017-04-01,False,Corporate,Vendor_77,,1fa4a20a40c92c65e14cf812f235d46c1421cd8eb768ce004fef5d90a61db976,115,2026-10-02,9999-12-31,True
P096,Product_96,Loan,14449,2026-10-01,True,SME,Vendor_96,,1d94f4368f1cd3772ed00744d04e6f78d17598ccfc0ee911437fe1293f7244b9,116,2026-10-02,9999-12-31,True
P097,Product_97,Credit Card,29584,2026-10-01,True,SME,Vendor_97,,c66a1af1d8d88d5fdfc97d25504f58fda020ae57821b1bd978e10702ff0b3800,117,2026-10-02,9999-12-31,True
P098,Product_98,Loan,10549,2026-10-01,True,Corporate,Vendor_98,,a040cd9e897f009c23d607de04dcb6b4daf3764dba97cae73aea0330cf1f310f,118,2026-10-02,9999-12-31,True
P099,Product_99,Loan,42626,2026-10-01,True,SME,Vendor_99,,e66425972d1c017d3d439ebf268dc34d706d9a6224212ae6199bc444b43c4f89,119,2026-10-02,9999-12-31,True
P100,Product_100,Fixed Deposit,45052,2026-10-01,True,SME,Vendor_100,,49e29ac4e8598d347eaaf1be4975c3d3b280a33ed164ffefd2b679e352f80b97,120,2026-10-02,9999-12-31,True
P101,Product_101,Fixed Deposit,31438,2026-10-01,True,Retail,Vendor_101,,97afcfa07c82646d9072472d7da93dc5dbf01d660ab07977111bb60969dbe3f9,121,2026-10-02,9999-12-31,True
P102,Product_102,Credit Card,16531,2026-10-01,True,Corporate,Vendor_102,,e9f9c3af622063c6fad8e5a826e64e7c09bf5e0329c1202dcc8f690c92432706,122,2026-10-02,9999-12-31,True
P103,Product_103,Savings Account,11263,2026-10-01,True,Retail,Vendor_103,,90aaa1d75810063c545de70043b8f2749f9f05d2c5c7b9e6ee47a74fbc9cb036,123,2026-10-02,9999-12-31,True
